grp_country_origin;date;08101000 - Fresh strawberries
France;2005-01-01;24,99
France;2005-02-01;47,9
France;2005-03-01;57,55
France;2005-04-01;13,54
France;2005-05-01;99,13
France;2005-06-01;3,11
France;2005-07-01;0,19
France;2005-08-01;
France;2005-09-01;1,17
France;2005-10-01;0,76
France;2005-11-01;
France;2005-12-01;0,85
France;2006-01-01;221,49
France;2006-02-01;29,49
France;2006-03-01;26,92
France;2006-04-01;5,33
France;2006-05-01;11,24
France;2006-06-01;0,71
France;2006-07-01;0,04
France;2006-08-01;
France;2006-09-01;
France;2006-10-01;
France;2006-11-01;
France;2006-12-01;9,95
France;2007-01-01;74,92
France;2007-02-01;139,91
France;2007-03-01;59,85
France;2007-04-01;58,07
France;2007-05-01;8,18
France;2007-06-01;5,2
France;2007-07-01;
France;2007-08-01;
France;2007-09-01;
France;2007-10-01;8,27
France;2007-11-01;6,93
France;2007-12-01;22,65
France;2008-01-01;56,96
France;2008-02-01;96,24
France;2008-03-01;191,62
France;2008-04-01;5,55
France;2008-05-01;5,02
France;2008-06-01;5,86
France;2008-07-01;12,35
France;2008-08-01;2,48
France;2008-09-01;
France;2008-10-01;1,1
France;2008-11-01;
France;2008-12-01;23,58
France;2009-01-01;9,37
France;2009-02-01;6,65
France;2009-03-01;28,83
France;2009-04-01;41,04
France;2009-05-01;14,84
France;2009-06-01;0,32
France;2009-07-01;
France;2009-08-01;
France;2009-09-01;3,93
France;2009-10-01;2,95
France;2009-11-01;
France;2009-12-01;32,95
France;2010-01-01;15,76
France;2010-02-01;27,36
France;2010-03-01;16,43
France;2010-04-01;46,83
France;2010-05-01;68,97
France;2010-06-01;142,34
France;2010-07-01;61,65
France;2010-08-01;24,48
France;2010-09-01;5,24
France;2010-10-01;4,96
France;2010-11-01;6,81
France;2010-12-01;20,79
France;2011-01-01;36,69
France;2011-02-01;161,17
France;2011-03-01;150,17
France;2011-04-01;68,13
France;2011-05-01;25,95
France;2011-06-01;190,72
France;2011-07-01;237,9
France;2011-08-01;110,08
France;2011-09-01;230,94
France;2011-10-01;480,86
France;2011-11-01;61,33
France;2011-12-01;109,21
France;2012-01-01;180,76
France;2012-02-01;60,02
France;2012-03-01;151,16
France;2012-04-01;39,57
France;2012-05-01;48,13
France;2012-06-01;92,51
France;2012-07-01;605,25
France;2012-08-01;360,11
France;2012-09-01;452,57
France;2012-10-01;241,48
France;2012-11-01;5,27
France;2012-12-01;18,43
France;2013-01-01;35,26
France;2013-02-01;17,16
France;2013-03-01;51,06
France;2013-04-01;11,47
France;2013-05-01;36,74
France;2013-06-01;252,83
France;2013-07-01;867,15
France;2013-08-01;385,21
France;2013-09-01;523,7
France;2013-10-01;229,07
France;2013-11-01;24
France;2013-12-01;
France;2014-01-01;4,84
France;2014-02-01;14,63
France;2014-03-01;30,95
France;2014-04-01;1645,63
France;2014-05-01;9,63
France;2014-06-01;5,87
France;2014-07-01;35,43
France;2014-08-01;20,5
France;2014-09-01;5,93
France;2014-10-01;6,6
France;2014-11-01;6,65
France;2014-12-01;24,96
France;2015-01-01;4,05
France;2015-02-01;8,38
France;2015-03-01;6,56
France;2015-04-01;15,53
France;2015-05-01;4,14
France;2015-06-01;20,58
France;2015-07-01;15,58
France;2015-08-01;3,34
France;2015-09-01;8,92
France;2015-10-01;0,22
France;2015-11-01;4,85
France;2015-12-01;12,93
France;2016-01-01;6,72
France;2016-02-01;8,12
France;2016-03-01;11,92
France;2016-04-01;37,67
France;2016-05-01;27,31
France;2016-06-01;74,48
France;2016-07-01;108,59
France;2016-08-01;71,59
France;2016-09-01;64,33
France;2016-10-01;17,59
France;2016-11-01;17,39
France;2016-12-01;27,35
France;2017-01-01;20,28
France;2017-02-01;47,26
France;2017-03-01;13,86
France;2017-04-01;19,1
France;2017-05-01;77,67
France;2017-06-01;138,64
France;2017-07-01;175,73
France;2017-08-01;113,7
France;2017-09-01;169,7
France;2017-10-01;135,32
France;2017-11-01;78,5
France;2017-12-01;41,61
France;2018-01-01;11,93
France;2018-02-01;45,95
France;2018-03-01;42,88
France;2018-04-01;59,04
France;2018-05-01;25,25
France;2018-06-01;38,89
France;2018-07-01;255,61
France;2018-08-01;83,28
France;2018-09-01;23,65
France;2018-10-01;38,74
France;2018-11-01;46,22
France;2018-12-01;26,97
France;2019-01-01;7,12
France;2019-02-01;7,69
France;2019-03-01;8,89
France;2019-04-01;34,37
France;2019-05-01;13,66
France;2019-06-01;31,22
France;2019-07-01;7,55
France;2019-08-01;23,07
France;2019-09-01;27,03
France;2019-10-01;26,6
France;2019-11-01;30,49
France;2019-12-01;52,4
France;2020-01-01;128,08
France;2020-02-01;181,47
France;2020-03-01;53,98
France;2020-04-01;63,67
France;2020-05-01;63,48
France;2020-06-01;67,39
France;2020-07-01;75,66
France;2020-08-01;66,32
France;2020-09-01;76,32
France;2020-10-01;113,38
France;2020-11-01;171,33
France;2020-12-01;135,73
France;2021-01-01;167,76
France;2021-02-01;189,6
France;2021-03-01;282,16
France;2021-04-01;261,84
France;2021-05-01;141,26
France;2021-06-01;90,06
France;2021-07-01;89,17
France;2021-08-01;90,85
France;2021-09-01;86,84
France;2021-10-01;150,49
France;2021-11-01;152,16
France;2021-12-01;153,76
Germany;2005-01-01;19,96
Germany;2005-02-01;18,11
Germany;2005-03-01;76,61
Germany;2005-04-01;272,7
Germany;2005-05-01;160,86
Germany;2005-06-01;261,97
Germany;2005-07-01;35,74
Germany;2005-08-01;105,34
Germany;2005-09-01;19,51
Germany;2005-10-01;13,75
Germany;2005-11-01;2,08
Germany;2005-12-01;28,28
Germany;2006-01-01;17,51
Germany;2006-02-01;35,84
Germany;2006-03-01;3,52
Germany;2006-04-01;14,19
Germany;2006-05-01;2,65
Germany;2006-06-01;75,81
Germany;2006-07-01;137,81
Germany;2006-08-01;214,22
Germany;2006-09-01;182,9
Germany;2006-10-01;12,84
Germany;2006-11-01;56,58
Germany;2006-12-01;37,13
Germany;2007-01-01;1,67
Germany;2007-02-01;11,08
Germany;2007-03-01;51,35
Germany;2007-04-01;80,98
Germany;2007-05-01;50,74
Germany;2007-06-01;239,34
Germany;2007-07-01;89,42
Germany;2007-08-01;175,52
Germany;2007-09-01;83,9
Germany;2007-10-01;122,58
Germany;2007-11-01;0,26
Germany;2007-12-01;46,34
Germany;2008-01-01;2,43
Germany;2008-02-01;46,99
Germany;2008-03-01;214
Germany;2008-04-01;674,5
Germany;2008-05-01;82,1
Germany;2008-06-01;130,62
Germany;2008-07-01;11,92
Germany;2008-08-01;7,96
Germany;2008-09-01;34,12
Germany;2008-10-01;117,71
Germany;2008-11-01;40,91
Germany;2008-12-01;94,88
Germany;2009-01-01;4,93
Germany;2009-02-01;29,21
Germany;2009-03-01;509,94
Germany;2009-04-01;440,14
Germany;2009-05-01;30,11
Germany;2009-06-01;1214,85
Germany;2009-07-01;468,09
Germany;2009-08-01;187,47
Germany;2009-09-01;225,9
Germany;2009-10-01;107,42
Germany;2009-11-01;57,45
Germany;2009-12-01;25,9
Germany;2010-01-01;10,23
Germany;2010-02-01;26,35
Germany;2010-03-01;319,41
Germany;2010-04-01;423,65
Germany;2010-05-01;305,36
Germany;2010-06-01;1440,44
Germany;2010-07-01;415,23
Germany;2010-08-01;286,57
Germany;2010-09-01;145,23
Germany;2010-10-01;258,75
Germany;2010-11-01;30,46
Germany;2010-12-01;97,14
Germany;2011-01-01;23,8
Germany;2011-02-01;56,29
Germany;2011-03-01;219,97
Germany;2011-04-01;363,87
Germany;2011-05-01;770,66
Germany;2011-06-01;1424,51
Germany;2011-07-01;927,34
Germany;2011-08-01;704,25
Germany;2011-09-01;518,63
Germany;2011-10-01;123,56
Germany;2011-11-01;6,53
Germany;2011-12-01;4,85
Germany;2012-01-01;53,14
Germany;2012-02-01;280,77
Germany;2012-03-01;195,93
Germany;2012-04-01;35,71
Germany;2012-05-01;255,32
Germany;2012-06-01;672,67
Germany;2012-07-01;515,68
Germany;2012-08-01;488,7
Germany;2012-09-01;376,72
Germany;2012-10-01;132,52
Germany;2012-11-01;44,98
Germany;2012-12-01;13,6
Germany;2013-01-01;34,52
Germany;2013-02-01;273,68
Germany;2013-03-01;329,39
Germany;2013-04-01;664,04
Germany;2013-05-01;578,55
Germany;2013-06-01;768,45
Germany;2013-07-01;876,49
Germany;2013-08-01;579,82
Germany;2013-09-01;22,52
Germany;2013-10-01;78,6
Germany;2013-11-01;13,77
Germany;2013-12-01;16,1
Germany;2014-01-01;63,93
Germany;2014-02-01;67,32
Germany;2014-03-01;488,07
Germany;2014-04-01;860,01
Germany;2014-05-01;246,34
Germany;2014-06-01;681,05
Germany;2014-07-01;681,77
Germany;2014-08-01;204,11
Germany;2014-09-01;110,28
Germany;2014-10-01;28,83
Germany;2014-11-01;48,69
Germany;2014-12-01;880,85
Germany;2015-01-01;59,07
Germany;2015-02-01;125,59
Germany;2015-03-01;766,97
Germany;2015-04-01;97,86
Germany;2015-05-01;370,51
Germany;2015-06-01;901,69
Germany;2015-07-01;656,12
Germany;2015-08-01;365,81
Germany;2015-09-01;119,51
Germany;2015-10-01;110,59
Germany;2015-11-01;162,81
Germany;2015-12-01;9,07
Germany;2016-01-01;412,36
Germany;2016-02-01;490,37
Germany;2016-03-01;904,88
Germany;2016-04-01;916,49
Germany;2016-05-01;635,45
Germany;2016-06-01;847,32
Germany;2016-07-01;882,92
Germany;2016-08-01;485,2
Germany;2016-09-01;357,41
Germany;2016-10-01;453,63
Germany;2016-11-01;319,21
Germany;2016-12-01;314,26
Germany;2017-01-01;298,6
Germany;2017-02-01;833,12
Germany;2017-03-01;1391,62
Germany;2017-04-01;1065,18
Germany;2017-05-01;820,66
Germany;2017-06-01;1147,77
Germany;2017-07-01;414,81
Germany;2017-08-01;410,64
Germany;2017-09-01;983,83
Germany;2017-10-01;492,44
Germany;2017-11-01;179,98
Germany;2017-12-01;137,44
Germany;2018-01-01;246,11
Germany;2018-02-01;352,35
Germany;2018-03-01;749,6
Germany;2018-04-01;928,26
Germany;2018-05-01;714,55
Germany;2018-06-01;593,12
Germany;2018-07-01;165,05
Germany;2018-08-01;40,33
Germany;2018-09-01;107,23
Germany;2018-10-01;234,72
Germany;2018-11-01;117
Germany;2018-12-01;201,82
Germany;2019-01-01;248,12
Germany;2019-02-01;230,92
Germany;2019-03-01;1370,88
Germany;2019-04-01;825,09
Germany;2019-05-01;802,25
Germany;2019-06-01;1265,48
Germany;2019-07-01;237,94
Germany;2019-08-01;162,18
Germany;2019-09-01;72,02
Germany;2019-10-01;140,02
Germany;2019-11-01;20,18
Germany;2019-12-01;68,73
Germany;2020-01-01;172,58
Germany;2020-02-01;824,55
Germany;2020-03-01;1498,3
Germany;2020-04-01;1046,07
Germany;2020-05-01;649,32
Germany;2020-06-01;1017,26
Germany;2020-07-01;405,76
Germany;2020-08-01;304,05
Germany;2020-09-01;190,41
Germany;2020-10-01;245,85
Germany;2020-11-01;214,37
Germany;2020-12-01;164,61
Germany;2021-01-01;372,27
Germany;2021-02-01;288,92
Germany;2021-03-01;1136,8
Germany;2021-04-01;1151,18
Germany;2021-05-01;682,66
Germany;2021-06-01;851,6
Germany;2021-07-01;224,13
Germany;2021-08-01;154,06
Germany;2021-09-01;95,62
Germany;2021-10-01;126,39
Germany;2021-11-01;210,27
Germany;2021-12-01;82,23
Italy;2005-01-01;
Italy;2005-02-01;
Italy;2005-03-01;
Italy;2005-04-01;8,05
Italy;2005-05-01;16,11
Italy;2005-06-01;
Italy;2005-07-01;
Italy;2005-08-01;
Italy;2005-09-01;
Italy;2005-10-01;
Italy;2005-11-01;
Italy;2005-12-01;
Italy;2006-01-01;
Italy;2006-02-01;
Italy;2006-03-01;31,16
Italy;2006-04-01;
Italy;2006-05-01;20,25
Italy;2006-06-01;
Italy;2006-07-01;
Italy;2006-08-01;
Italy;2006-09-01;
Italy;2006-10-01;
Italy;2006-11-01;
Italy;2006-12-01;
Italy;2007-01-01;
Italy;2007-02-01;3,93
Italy;2007-03-01;
Italy;2007-04-01;0,47
Italy;2007-05-01;
Italy;2007-06-01;6,36
Italy;2007-07-01;
Italy;2007-08-01;
Italy;2007-09-01;
Italy;2007-10-01;
Italy;2007-11-01;
Italy;2007-12-01;
Italy;2008-01-01;
Italy;2008-02-01;
Italy;2008-03-01;
Italy;2008-04-01;0,59
Italy;2008-05-01;109,03
Italy;2008-06-01;
Italy;2008-07-01;
Italy;2008-08-01;
Italy;2008-09-01;
Italy;2008-10-01;
Italy;2008-11-01;1,86
Italy;2008-12-01;12,4
Italy;2009-01-01;
Italy;2009-02-01;4,97
Italy;2009-03-01;
Italy;2009-04-01;13,04
Italy;2009-05-01;19,2
Italy;2009-06-01;0,58
Italy;2009-07-01;
Italy;2009-08-01;0,81
Italy;2009-09-01;
Italy;2009-10-01;
Italy;2009-11-01;
Italy;2009-12-01;
Italy;2010-01-01;50,97
Italy;2010-02-01;63
Italy;2010-03-01;92,22
Italy;2010-04-01;31,55
Italy;2010-05-01;33
Italy;2010-06-01;4,99
Italy;2010-07-01;
Italy;2010-08-01;0,26
Italy;2010-09-01;
Italy;2010-10-01;0,42
Italy;2010-11-01;
Italy;2010-12-01;
Italy;2011-01-01;18,74
Italy;2011-02-01;154,32
Italy;2011-03-01;39,48
Italy;2011-04-01;
Italy;2011-05-01;
Italy;2011-06-01;
Italy;2011-07-01;1,24
Italy;2011-08-01;
Italy;2011-09-01;
Italy;2011-10-01;
Italy;2011-11-01;
Italy;2011-12-01;
Italy;2012-01-01;1,48
Italy;2012-02-01;
Italy;2012-03-01;
Italy;2012-04-01;0,25
Italy;2012-05-01;1,8
Italy;2012-06-01;
Italy;2012-07-01;2,97
Italy;2012-08-01;31,61
Italy;2012-09-01;
Italy;2012-10-01;
Italy;2012-11-01;
Italy;2012-12-01;6,71
Italy;2013-01-01;
Italy;2013-02-01;4
Italy;2013-03-01;2,29
Italy;2013-04-01;17,94
Italy;2013-05-01;18,84
Italy;2013-06-01;
Italy;2013-07-01;1,16
Italy;2013-08-01;61,68
Italy;2013-09-01;
Italy;2013-10-01;
Italy;2013-11-01;
Italy;2013-12-01;
Italy;2014-01-01;
Italy;2014-02-01;
Italy;2014-03-01;9,98
Italy;2014-04-01;29,67
Italy;2014-05-01;11,85
Italy;2014-06-01;
Italy;2014-07-01;4,41
Italy;2014-08-01;
Italy;2014-09-01;
Italy;2014-10-01;
Italy;2014-11-01;
Italy;2014-12-01;
Italy;2015-01-01;15,02
Italy;2015-02-01;3,99
Italy;2015-03-01;1,84
Italy;2015-04-01;16,08
Italy;2015-05-01;8,21
Italy;2015-06-01;
Italy;2015-07-01;
Italy;2015-08-01;
Italy;2015-09-01;
Italy;2015-10-01;0,19
Italy;2015-11-01;0,31
Italy;2015-12-01;0,94
Italy;2016-01-01;13,76
Italy;2016-02-01;11,98
Italy;2016-03-01;6,59
Italy;2016-04-01;46,12
Italy;2016-05-01;24,85
Italy;2016-06-01;24,63
Italy;2016-07-01;12,98
Italy;2016-08-01;15,44
Italy;2016-09-01;10,21
Italy;2016-10-01;12,68
Italy;2016-11-01;12,39
Italy;2016-12-01;7,59
Italy;2017-01-01;2,44
Italy;2017-02-01;1,67
Italy;2017-03-01;12,39
Italy;2017-04-01;65,61
Italy;2017-05-01;25,82
Italy;2017-06-01;11,65
Italy;2017-07-01;33,85
Italy;2017-08-01;5,91
Italy;2017-09-01;21,95
Italy;2017-10-01;16,73
Italy;2017-11-01;38,61
Italy;2017-12-01;4,69
Italy;2018-01-01;1,13
Italy;2018-02-01;0,02
Italy;2018-03-01;12,06
Italy;2018-04-01;4,28
Italy;2018-05-01;0,02
Italy;2018-06-01;4,36
Italy;2018-07-01;0,95
Italy;2018-08-01;0,05
Italy;2018-09-01;0,06
Italy;2018-10-01;0,05
Italy;2018-11-01;0,05
Italy;2018-12-01;5,29
Italy;2019-01-01;0,08
Italy;2019-02-01;0,58
Italy;2019-03-01;1,61
Italy;2019-04-01;27,17
Italy;2019-05-01;0,02
Italy;2019-06-01;54,02
Italy;2019-07-01;6,68
Italy;2019-08-01;10,17
Italy;2019-09-01;23,58
Italy;2019-10-01;26,01
Italy;2019-11-01;18,97
Italy;2019-12-01;18,47
Italy;2020-01-01;3,88
Italy;2020-02-01;0,07
Italy;2020-03-01;21,9
Italy;2020-04-01;26,86
Italy;2020-05-01;0,01
Italy;2020-06-01;44,97
Italy;2020-07-01;3,01
Italy;2020-08-01;0,01
Italy;2020-09-01;
Italy;2020-10-01;41,63
Italy;2020-11-01;17,35
Italy;2020-12-01;65,02
Italy;2021-01-01;32,96
Italy;2021-02-01;29,87
Italy;2021-03-01;47,83
Italy;2021-04-01;44,28
Italy;2021-05-01;49,06
Italy;2021-06-01;34,99
Italy;2021-07-01;57,2
Italy;2021-08-01;32,88
Italy;2021-09-01;44,61
Italy;2021-10-01;17,05
Italy;2021-11-01;14,05
Italy;2021-12-01;61,94
United Kingdom;2005-01-01;164,66
United Kingdom;2005-02-01;55,8
United Kingdom;2005-03-01;26,67
United Kingdom;2005-04-01;35,77
United Kingdom;2005-05-01;
United Kingdom;2005-06-01;12,21
United Kingdom;2005-07-01;
United Kingdom;2005-08-01;
United Kingdom;2005-09-01;
United Kingdom;2005-10-01;
United Kingdom;2005-11-01;
United Kingdom;2005-12-01;3,12
United Kingdom;2006-01-01;
United Kingdom;2006-02-01;
United Kingdom;2006-03-01;
United Kingdom;2006-04-01;
United Kingdom;2006-05-01;3,97
United Kingdom;2006-06-01;107,03
United Kingdom;2006-07-01;291,34
United Kingdom;2006-08-01;57,28
United Kingdom;2006-09-01;0,92
United Kingdom;2006-10-01;
United Kingdom;2006-11-01;7,92
United Kingdom;2006-12-01;14,03
United Kingdom;2007-01-01;40,39
United Kingdom;2007-02-01;6,33
United Kingdom;2007-03-01;23,37
United Kingdom;2007-04-01;
United Kingdom;2007-05-01;
United Kingdom;2007-06-01;95
United Kingdom;2007-07-01;15,74
United Kingdom;2007-08-01;32,2
United Kingdom;2007-09-01;242,12
United Kingdom;2007-10-01;53,6
United Kingdom;2007-11-01;12,08
United Kingdom;2007-12-01;21,89
United Kingdom;2008-01-01;48,23
United Kingdom;2008-02-01;303,4
United Kingdom;2008-03-01;241,74
United Kingdom;2008-04-01;144,57
United Kingdom;2008-05-01;40,11
United Kingdom;2008-06-01;128,22
United Kingdom;2008-07-01;365,18
United Kingdom;2008-08-01;19,89
United Kingdom;2008-09-01;51,69
United Kingdom;2008-10-01;42,63
United Kingdom;2008-11-01;25,3
United Kingdom;2008-12-01;47,65
United Kingdom;2009-01-01;81,67
United Kingdom;2009-02-01;193,61
United Kingdom;2009-03-01;6,37
United Kingdom;2009-04-01;53,73
United Kingdom;2009-05-01;13,98
United Kingdom;2009-06-01;8,87
United Kingdom;2009-07-01;195,17
United Kingdom;2009-08-01;22,32
United Kingdom;2009-09-01;38,12
United Kingdom;2009-10-01;19,14
United Kingdom;2009-11-01;15,88
United Kingdom;2009-12-01;8,66
United Kingdom;2010-01-01;2,99
United Kingdom;2010-02-01;25,69
United Kingdom;2010-03-01;25,5
United Kingdom;2010-04-01;30,88
United Kingdom;2010-05-01;32,7
United Kingdom;2010-06-01;967,26
United Kingdom;2010-07-01;175,82
United Kingdom;2010-08-01;31,7
United Kingdom;2010-09-01;69,87
United Kingdom;2010-10-01;6,56
United Kingdom;2010-11-01;45,28
United Kingdom;2010-12-01;284,22
United Kingdom;2011-01-01;505,04
United Kingdom;2011-02-01;896,78
United Kingdom;2011-03-01;682,99
United Kingdom;2011-04-01;396,25
United Kingdom;2011-05-01;194,09
United Kingdom;2011-06-01;90,84
United Kingdom;2011-07-01;46,44
United Kingdom;2011-08-01;51,69
United Kingdom;2011-09-01;29,09
United Kingdom;2011-10-01;22,05
United Kingdom;2011-11-01;20,74
United Kingdom;2011-12-01;2015,22
United Kingdom;2012-01-01;890,23
United Kingdom;2012-02-01;1260,98
United Kingdom;2012-03-01;665,91
United Kingdom;2012-04-01;395,83
United Kingdom;2012-05-01;313,02
United Kingdom;2012-06-01;494,79
United Kingdom;2012-07-01;111,84
United Kingdom;2012-08-01;368,81
United Kingdom;2012-09-01;135,84
United Kingdom;2012-10-01;90,67
United Kingdom;2012-11-01;65,85
United Kingdom;2012-12-01;2724,54
United Kingdom;2013-01-01;632,79
United Kingdom;2013-02-01;672,08
United Kingdom;2013-03-01;480,13
United Kingdom;2013-04-01;273,31
United Kingdom;2013-05-01;199,94
United Kingdom;2013-06-01;90,24
United Kingdom;2013-07-01;74,32
United Kingdom;2013-08-01;75,13
United Kingdom;2013-09-01;113,41
United Kingdom;2013-10-01;312,39
United Kingdom;2013-11-01;34,99
United Kingdom;2013-12-01;314,39
United Kingdom;2014-01-01;602,22
United Kingdom;2014-02-01;455,6
United Kingdom;2014-03-01;246,25
United Kingdom;2014-04-01;617,16
United Kingdom;2014-05-01;0,79
United Kingdom;2014-06-01;41,81
United Kingdom;2014-07-01;6,14
United Kingdom;2014-08-01;91,18
United Kingdom;2014-09-01;15,11
United Kingdom;2014-10-01;19,56
United Kingdom;2014-11-01;47,95
United Kingdom;2014-12-01;90,85
United Kingdom;2015-01-01;2,99
United Kingdom;2015-02-01;1,75
United Kingdom;2015-03-01;0,77
United Kingdom;2015-04-01;4,11
United Kingdom;2015-05-01;4,51
United Kingdom;2015-06-01;12,06
United Kingdom;2015-07-01;11,4
United Kingdom;2015-08-01;15,4
United Kingdom;2015-09-01;33,5
United Kingdom;2015-10-01;30,88
United Kingdom;2015-11-01;22,35
United Kingdom;2015-12-01;4,06
United Kingdom;2016-01-01;6,02
United Kingdom;2016-02-01;10,18
United Kingdom;2016-03-01;9,63
United Kingdom;2016-04-01;29,59
United Kingdom;2016-05-01;26,39
United Kingdom;2016-06-01;44,94
United Kingdom;2016-07-01;183,95
United Kingdom;2016-08-01;46,79
United Kingdom;2016-09-01;30,57
United Kingdom;2016-10-01;35,63
United Kingdom;2016-11-01;103,03
United Kingdom;2016-12-01;13,67
United Kingdom;2017-01-01;9,41
United Kingdom;2017-02-01;8,53
United Kingdom;2017-03-01;13,7
United Kingdom;2017-04-01;20,94
United Kingdom;2017-05-01;28,91
United Kingdom;2017-06-01;108,48
United Kingdom;2017-07-01;43,67
United Kingdom;2017-08-01;21,54
United Kingdom;2017-09-01;36,6
United Kingdom;2017-10-01;66,71
United Kingdom;2017-11-01;209,38
United Kingdom;2017-12-01;141,26
United Kingdom;2018-01-01;12,88
United Kingdom;2018-02-01;39,57
United Kingdom;2018-03-01;157,11
United Kingdom;2018-04-01;4,61
United Kingdom;2018-05-01;87,03
United Kingdom;2018-06-01;24,27
United Kingdom;2018-07-01;33,15
United Kingdom;2018-08-01;2,44
United Kingdom;2018-09-01;9,81
United Kingdom;2018-10-01;47,4
United Kingdom;2018-11-01;37,42
United Kingdom;2018-12-01;117,11
United Kingdom;2019-01-01;143,25
United Kingdom;2019-02-01;212,76
United Kingdom;2019-03-01;289
United Kingdom;2019-04-01;490,68
United Kingdom;2019-05-01;46
United Kingdom;2019-06-01;8,54
United Kingdom;2019-07-01;7,84
United Kingdom;2019-08-01;225,43
United Kingdom;2019-09-01;5,31
United Kingdom;2019-10-01;40,34
United Kingdom;2019-11-01;39,6
United Kingdom;2019-12-01;25,36
United Kingdom;2020-01-01;140,47
United Kingdom;2020-02-01;21,83
United Kingdom;2020-03-01;928,15
United Kingdom;2020-04-01;427,33
United Kingdom;2020-05-01;16,24
United Kingdom;2020-06-01;263,4
United Kingdom;2020-07-01;44,37
United Kingdom;2020-08-01;19
United Kingdom;2020-09-01;16,57
United Kingdom;2020-10-01;114,89
United Kingdom;2020-11-01;106,62
United Kingdom;2020-12-01;230,26
United Kingdom;2021-01-01;0,01
United Kingdom;2021-02-01;0,2
United Kingdom;2021-03-01;0,07
United Kingdom;2021-04-01;0,08
United Kingdom;2021-05-01;0,06
United Kingdom;2021-06-01;395,27
United Kingdom;2021-07-01;219,68
United Kingdom;2021-08-01;200,14
United Kingdom;2021-09-01;0,08
United Kingdom;2021-10-01;0,11
United Kingdom;2021-11-01;1,03
United Kingdom;2021-12-01;0,06
Denmark;2005-01-01;
Denmark;2005-02-01;
Denmark;2005-03-01;
Denmark;2005-04-01;
Denmark;2005-05-01;
Denmark;2005-06-01;
Denmark;2005-07-01;
Denmark;2005-08-01;
Denmark;2005-09-01;
Denmark;2005-10-01;
Denmark;2005-11-01;
Denmark;2005-12-01;0,59
Denmark;2006-01-01;
Denmark;2006-02-01;
Denmark;2006-03-01;
Denmark;2006-04-01;
Denmark;2006-05-01;
Denmark;2006-06-01;
Denmark;2006-07-01;
Denmark;2006-08-01;
Denmark;2006-09-01;
Denmark;2006-10-01;
Denmark;2006-11-01;
Denmark;2006-12-01;11,45
Denmark;2007-01-01;
Denmark;2007-02-01;
Denmark;2007-03-01;
Denmark;2007-04-01;
Denmark;2007-05-01;
Denmark;2007-06-01;
Denmark;2007-07-01;
Denmark;2007-08-01;
Denmark;2007-09-01;
Denmark;2007-10-01;0,14
Denmark;2007-11-01;
Denmark;2007-12-01;
Denmark;2008-01-01;0,39
Denmark;2008-02-01;0,39
Denmark;2008-03-01;0,39
Denmark;2008-04-01;
Denmark;2008-05-01;0,9
Denmark;2008-06-01;
Denmark;2008-07-01;0,27
Denmark;2008-08-01;
Denmark;2008-09-01;
Denmark;2008-10-01;
Denmark;2008-11-01;
Denmark;2008-12-01;
Denmark;2009-01-01;27,65
Denmark;2009-02-01;
Denmark;2009-03-01;
Denmark;2009-04-01;
Denmark;2009-05-01;
Denmark;2009-06-01;
Denmark;2009-07-01;
Denmark;2009-08-01;
Denmark;2009-09-01;0,29
Denmark;2009-10-01;
Denmark;2009-11-01;
Denmark;2009-12-01;
Denmark;2010-01-01;
Denmark;2010-02-01;
Denmark;2010-03-01;
Denmark;2010-04-01;2,44
Denmark;2010-05-01;3
Denmark;2010-06-01;3
Denmark;2010-07-01;13,47
Denmark;2010-08-01;0,32
Denmark;2010-09-01;0,2
Denmark;2010-10-01;
Denmark;2010-11-01;
Denmark;2010-12-01;
Denmark;2011-01-01;21,46
Denmark;2011-02-01;
Denmark;2011-03-01;
Denmark;2011-04-01;
Denmark;2011-05-01;
Denmark;2011-06-01;
Denmark;2011-07-01;
Denmark;2011-08-01;
Denmark;2011-09-01;
Denmark;2011-10-01;0,73
Denmark;2011-11-01;
Denmark;2011-12-01;0,1
Denmark;2012-01-01;23,66
Denmark;2012-02-01;
Denmark;2012-03-01;
Denmark;2012-04-01;3,67
Denmark;2012-05-01;
Denmark;2012-06-01;
Denmark;2012-07-01;
Denmark;2012-08-01;
Denmark;2012-09-01;
Denmark;2012-10-01;
Denmark;2012-11-01;
Denmark;2012-12-01;2,6
Denmark;2013-01-01;54,77
Denmark;2013-02-01;
Denmark;2013-03-01;
Denmark;2013-04-01;1,63
Denmark;2013-05-01;
Denmark;2013-06-01;
Denmark;2013-07-01;
Denmark;2013-08-01;16,49
Denmark;2013-09-01;12,18
Denmark;2013-10-01;18,19
Denmark;2013-11-01;
Denmark;2013-12-01;
Denmark;2014-01-01;
Denmark;2014-02-01;
Denmark;2014-03-01;
Denmark;2014-04-01;18,15
Denmark;2014-05-01;
Denmark;2014-06-01;1,28
Denmark;2014-07-01;
Denmark;2014-08-01;
Denmark;2014-09-01;
Denmark;2014-10-01;
Denmark;2014-11-01;
Denmark;2014-12-01;
Denmark;2015-01-01;
Denmark;2015-02-01;
Denmark;2015-03-01;
Denmark;2015-04-01;
Denmark;2015-05-01;
Denmark;2015-06-01;
Denmark;2015-07-01;
Denmark;2015-08-01;
Denmark;2015-09-01;
Denmark;2015-10-01;
Denmark;2015-11-01;
Denmark;2015-12-01;
Denmark;2016-01-01;1,9
Denmark;2016-02-01;4,04
Denmark;2016-03-01;2,41
Denmark;2016-04-01;3,89
Denmark;2016-05-01;4,39
Denmark;2016-06-01;7,4
Denmark;2016-07-01;362,08
Denmark;2016-08-01;12,06
Denmark;2016-09-01;14,46
Denmark;2016-10-01;24,25
Denmark;2016-11-01;3,89
Denmark;2016-12-01;2,44
Denmark;2017-01-01;13,12
Denmark;2017-02-01;3,21
Denmark;2017-03-01;2,97
Denmark;2017-04-01;2,88
Denmark;2017-05-01;7,62
Denmark;2017-06-01;50,52
Denmark;2017-07-01;19,92
Denmark;2017-08-01;11,67
Denmark;2017-09-01;6,04
Denmark;2017-10-01;104,96
Denmark;2017-11-01;10,39
Denmark;2017-12-01;4,88
Denmark;2018-01-01;6,29
Denmark;2018-02-01;0,17
Denmark;2018-03-01;0,73
Denmark;2018-04-01;7,55
Denmark;2018-05-01;2,44
Denmark;2018-06-01;5,94
Denmark;2018-07-01;0,47
Denmark;2018-08-01;0,84
Denmark;2018-09-01;0,23
Denmark;2018-10-01;0,25
Denmark;2018-11-01;0,51
Denmark;2018-12-01;0,3
Denmark;2019-01-01;0,19
Denmark;2019-02-01;0,15
Denmark;2019-03-01;0,38
Denmark;2019-04-01;1,66
Denmark;2019-05-01;5,82
Denmark;2019-06-01;17,71
Denmark;2019-07-01;3,43
Denmark;2019-08-01;6,78
Denmark;2019-09-01;8,23
Denmark;2019-10-01;42,89
Denmark;2019-11-01;13,22
Denmark;2019-12-01;16,52
Denmark;2020-01-01;0,83
Denmark;2020-02-01;0,98
Denmark;2020-03-01;0,5
Denmark;2020-04-01;2,17
Denmark;2020-05-01;5,59
Denmark;2020-06-01;3,08
Denmark;2020-07-01;6,7
Denmark;2020-08-01;2,27
Denmark;2020-09-01;2,07
Denmark;2020-10-01;1,14
Denmark;2020-11-01;1,23
Denmark;2020-12-01;14,61
Denmark;2021-01-01;27,83
Denmark;2021-02-01;39,9
Denmark;2021-03-01;62,48
Denmark;2021-04-01;20,39
Denmark;2021-05-01;18,86
Denmark;2021-06-01;49,11
Denmark;2021-07-01;4,26
Denmark;2021-08-01;3,25
Denmark;2021-09-01;19,54
Denmark;2021-10-01;571,4
Denmark;2021-11-01;36,36
Denmark;2021-12-01;5,05
Portugal;2005-01-01;
Portugal;2005-02-01;
Portugal;2005-03-01;
Portugal;2005-04-01;
Portugal;2005-05-01;
Portugal;2005-06-01;
Portugal;2005-07-01;
Portugal;2005-08-01;
Portugal;2005-09-01;
Portugal;2005-10-01;
Portugal;2005-11-01;
Portugal;2005-12-01;
Portugal;2006-01-01;
Portugal;2006-02-01;
Portugal;2006-03-01;
Portugal;2006-04-01;
Portugal;2006-05-01;
Portugal;2006-06-01;
Portugal;2006-07-01;
Portugal;2006-08-01;
Portugal;2006-09-01;
Portugal;2006-10-01;
Portugal;2006-11-01;
Portugal;2006-12-01;
Portugal;2007-01-01;4,58
Portugal;2007-02-01;8,49
Portugal;2007-03-01;34,78
Portugal;2007-04-01;61,47
Portugal;2007-05-01;964,56
Portugal;2007-06-01;617,54
Portugal;2007-07-01;631,72
Portugal;2007-08-01;317,62
Portugal;2007-09-01;170,15
Portugal;2007-10-01;451,24
Portugal;2007-11-01;439,78
Portugal;2007-12-01;525,32
Portugal;2008-01-01;380,88
Portugal;2008-02-01;403,05
Portugal;2008-03-01;388,93
Portugal;2008-04-01;854,66
Portugal;2008-05-01;845,04
Portugal;2008-06-01;845,04
Portugal;2008-07-01;377,54
Portugal;2008-08-01;249,27
Portugal;2008-09-01;215,15
Portugal;2008-10-01;292,5
Portugal;2008-11-01;714,59
Portugal;2008-12-01;595,49
Portugal;2009-01-01;302,15
Portugal;2009-02-01;280,38
Portugal;2009-03-01;837,62
Portugal;2009-04-01;1248,88
Portugal;2009-05-01;2744,39
Portugal;2009-06-01;245,52
Portugal;2009-07-01;
Portugal;2009-08-01;1258,32
Portugal;2009-09-01;815,37
Portugal;2009-10-01;806,29
Portugal;2009-11-01;1472,43
Portugal;2009-12-01;1055,02
Portugal;2010-01-01;
Portugal;2010-02-01;805,41
Portugal;2010-03-01;804,93
Portugal;2010-04-01;1981,94
Portugal;2010-05-01;3055,39
Portugal;2010-06-01;651,27
Portugal;2010-07-01;2093,68
Portugal;2010-08-01;1069,49
Portugal;2010-09-01;1777,74
Portugal;2010-10-01;1472,54
Portugal;2010-11-01;1552,72
Portugal;2010-12-01;976,36
Portugal;2011-01-01;697,42
Portugal;2011-02-01;602,54
Portugal;2011-03-01;831,54
Portugal;2011-04-01;2024,51
Portugal;2011-05-01;3650,17
Portugal;2011-06-01;3352,99
Portugal;2011-07-01;2191,49
Portugal;2011-08-01;1630,61
Portugal;2011-09-01;1002,65
Portugal;2011-10-01;1517,36
Portugal;2011-11-01;1320,39
Portugal;2011-12-01;1064,31
Portugal;2012-01-01;217,65
Portugal;2012-02-01;701,45
Portugal;2012-03-01;1413,97
Portugal;2012-04-01;2449,61
Portugal;2012-05-01;3503,06
Portugal;2012-06-01;2413,36
Portugal;2012-07-01;1999,02
Portugal;2012-08-01;2288,96
Portugal;2012-09-01;2667,68
Portugal;2012-10-01;2812,68
Portugal;2012-11-01;1058,06
Portugal;2012-12-01;1225,81
Portugal;2013-01-01;480,13
Portugal;2013-02-01;381,13
Portugal;2013-03-01;1130,27
Portugal;2013-04-01;2982,61
Portugal;2013-05-01;6131,25
Portugal;2013-06-01;3408,23
Portugal;2013-07-01;3396,6
Portugal;2013-08-01;2335,39
Portugal;2013-09-01;3041,49
Portugal;2013-10-01;3152,14
Portugal;2013-11-01;2225,6
Portugal;2013-12-01;1805,97
Portugal;2014-01-01;606,38
Portugal;2014-02-01;1213,7
Portugal;2014-03-01;1715,67
Portugal;2014-04-01;335,6
Portugal;2014-05-01;6770,1
Portugal;2014-06-01;6955,34
Portugal;2014-07-01;4237,25
Portugal;2014-08-01;3718,42
Portugal;2014-09-01;4343,42
Portugal;2014-10-01;2966,35
Portugal;2014-11-01;2636,32
Portugal;2014-12-01;1130,79
Portugal;2015-01-01;10,37
Portugal;2015-02-01;90,5
Portugal;2015-03-01;290,15
Portugal;2015-04-01;307,59
Portugal;2015-05-01;148,46
Portugal;2015-06-01;10,14
Portugal;2015-07-01;19,92
Portugal;2015-08-01;
Portugal;2015-09-01;
Portugal;2015-10-01;
Portugal;2015-11-01;
Portugal;2015-12-01;
Portugal;2016-01-01;37,78
Portugal;2016-02-01;86,33
Portugal;2016-03-01;87,77
Portugal;2016-04-01;27,75
Portugal;2016-05-01;386,41
Portugal;2016-06-01;14,22
Portugal;2016-07-01;13,02
Portugal;2016-08-01;30,63
Portugal;2016-09-01;34,45
Portugal;2016-10-01;39,13
Portugal;2016-11-01;4,51
Portugal;2016-12-01;5,65
Portugal;2017-01-01;188,77
Portugal;2017-02-01;442,72
Portugal;2017-03-01;348,52
Portugal;2017-04-01;322,58
Portugal;2017-05-01;257,99
Portugal;2017-06-01;242,49
Portugal;2017-07-01;22,25
Portugal;2017-08-01;17,53
Portugal;2017-09-01;20,77
Portugal;2017-10-01;36,22
Portugal;2017-11-01;44,48
Portugal;2017-12-01;78,94
Portugal;2018-01-01;278,19
Portugal;2018-02-01;944,66
Portugal;2018-03-01;1588,57
Portugal;2018-04-01;747,58
Portugal;2018-05-01;1405,28
Portugal;2018-06-01;4,27
Portugal;2018-07-01;17,19
Portugal;2018-08-01;18,69
Portugal;2018-09-01;20,6
Portugal;2018-10-01;12,16
Portugal;2018-11-01;26,39
Portugal;2018-12-01;66,94
Portugal;2019-01-01;80,09
Portugal;2019-02-01;621,84
Portugal;2019-03-01;989,31
Portugal;2019-04-01;775,51
Portugal;2019-05-01;435,02
Portugal;2019-06-01;46,56
Portugal;2019-07-01;7,42
Portugal;2019-08-01;10,28
Portugal;2019-09-01;45,32
Portugal;2019-10-01;9,42
Portugal;2019-11-01;9,8
Portugal;2019-12-01;9,92
Portugal;2020-01-01;41,65
Portugal;2020-02-01;407,86
Portugal;2020-03-01;574,64
Portugal;2020-04-01;263,91
Portugal;2020-05-01;63,7
Portugal;2020-06-01;312,11
Portugal;2020-07-01;57,34
Portugal;2020-08-01;44,55
Portugal;2020-09-01;12,31
Portugal;2020-10-01;68,43
Portugal;2020-11-01;163,17
Portugal;2020-12-01;3,27
Portugal;2021-01-01;20,02
Portugal;2021-02-01;1,68
Portugal;2021-03-01;91,57
Portugal;2021-04-01;19,96
Portugal;2021-05-01;13,22
Portugal;2021-06-01;7,06
Portugal;2021-07-01;72,65
Portugal;2021-08-01;4,43
Portugal;2021-09-01;8,95
Portugal;2021-10-01;67,82
Portugal;2021-11-01;6
Portugal;2021-12-01;14,45
Spain;2005-01-01;226
Spain;2005-02-01;953,29
Spain;2005-03-01;3810,98
Spain;2005-04-01;4052,74
Spain;2005-05-01;1673,47
Spain;2005-06-01;51,63
Spain;2005-07-01;
Spain;2005-08-01;
Spain;2005-09-01;
Spain;2005-10-01;
Spain;2005-11-01;4,22
Spain;2005-12-01;19,7
Spain;2006-01-01;316,97
Spain;2006-02-01;1263,38
Spain;2006-03-01;3591,74
Spain;2006-04-01;3639,54
Spain;2006-05-01;2367,68
Spain;2006-06-01;141,09
Spain;2006-07-01;133,72
Spain;2006-08-01;
Spain;2006-09-01;
Spain;2006-10-01;
Spain;2006-11-01;3,99
Spain;2006-12-01;21,43
Spain;2007-01-01;255,68
Spain;2007-02-01;1266,64
Spain;2007-03-01;2582,41
Spain;2007-04-01;5560,39
Spain;2007-05-01;1647,6
Spain;2007-06-01;115,63
Spain;2007-07-01;1511,87
Spain;2007-08-01;7,62
Spain;2007-09-01;21,41
Spain;2007-10-01;192,67
Spain;2007-11-01;243,04
Spain;2007-12-01;564,11
Spain;2008-01-01;798,1
Spain;2008-02-01;2066,96
Spain;2008-03-01;3057,76
Spain;2008-04-01;3187,27
Spain;2008-05-01;1616,26
Spain;2008-06-01;1003,76
Spain;2008-07-01;266,39
Spain;2008-08-01;246,45
Spain;2008-09-01;
Spain;2008-10-01;193,33
Spain;2008-11-01;441,11
Spain;2008-12-01;422,35
Spain;2009-01-01;834,44
Spain;2009-02-01;1138,04
Spain;2009-03-01;4257,72
Spain;2009-04-01;7836,86
Spain;2009-05-01;5704,82
Spain;2009-06-01;3833,03
Spain;2009-07-01;418,79
Spain;2009-08-01;
Spain;2009-09-01;156,78
Spain;2009-10-01;795,05
Spain;2009-11-01;724,22
Spain;2009-12-01;1173,12
Spain;2010-01-01;350,41
Spain;2010-02-01;1872,94
Spain;2010-03-01;2945,46
Spain;2010-04-01;5593,29
Spain;2010-05-01;1832,02
Spain;2010-06-01;1017,05
Spain;2010-07-01;158,09
Spain;2010-08-01;16,18
Spain;2010-09-01;636,13
Spain;2010-10-01;779,34
Spain;2010-11-01;1367,59
Spain;2010-12-01;2241,49
Spain;2011-01-01;918,03
Spain;2011-02-01;2269,7
Spain;2011-03-01;4156,53
Spain;2011-04-01;4333,82
Spain;2011-05-01;3309,69
Spain;2011-06-01;2946,96
Spain;2011-07-01;1234,77
Spain;2011-08-01;168,13
Spain;2011-09-01;227,76
Spain;2011-10-01;1514,16
Spain;2011-11-01;3699,93
Spain;2011-12-01;4265,45
Spain;2012-01-01;1980,02
Spain;2012-02-01;2923,9
Spain;2012-03-01;6773,37
Spain;2012-04-01;5572,89
Spain;2012-05-01;4701,85
Spain;2012-06-01;8745,4
Spain;2012-07-01;751,91
Spain;2012-08-01;515,34
Spain;2012-09-01;75,44
Spain;2012-10-01;2062,11
Spain;2012-11-01;2654,7
Spain;2012-12-01;4005,89
Spain;2013-01-01;3036,07
Spain;2013-02-01;2312,01
Spain;2013-03-01;5824,41
Spain;2013-04-01;5087,38
Spain;2013-05-01;8517,26
Spain;2013-06-01;9273,39
Spain;2013-07-01;406,45
Spain;2013-08-01;158,92
Spain;2013-09-01;52,73
Spain;2013-10-01;1070,36
Spain;2013-11-01;3934,7
Spain;2013-12-01;6630,06
Spain;2014-01-01;3148,78
Spain;2014-02-01;3146,47
Spain;2014-03-01;6276,97
Spain;2014-04-01;1909,52
Spain;2014-05-01;6814,81
Spain;2014-06-01;3584,26
Spain;2014-07-01;114,04
Spain;2014-08-01;3,07
Spain;2014-09-01;1872,06
Spain;2014-10-01;2864,74
Spain;2014-11-01;2506,17
Spain;2014-12-01;201,79
Spain;2015-01-01;1965,63
Spain;2015-02-01;3987,41
Spain;2015-03-01;5839,3
Spain;2015-04-01;3549,1
Spain;2015-05-01;502,48
Spain;2015-06-01;56,05
Spain;2015-07-01;418,89
Spain;2015-08-01;1,12
Spain;2015-09-01;0,63
Spain;2015-10-01;2,57
Spain;2015-11-01;7,17
Spain;2015-12-01;467,01
Spain;2016-01-01;2306,57
Spain;2016-02-01;3087,63
Spain;2016-03-01;4497,62
Spain;2016-04-01;3966,91
Spain;2016-05-01;1969,41
Spain;2016-06-01;1280,74
Spain;2016-07-01;161,31
Spain;2016-08-01;435,06
Spain;2016-09-01;440,52
Spain;2016-10-01;411,03
Spain;2016-11-01;214,55
Spain;2016-12-01;337,23
Spain;2017-01-01;1133,04
Spain;2017-02-01;3992,54
Spain;2017-03-01;6441,88
Spain;2017-04-01;4762,56
Spain;2017-05-01;3733,34
Spain;2017-06-01;513,15
Spain;2017-07-01;288,79
Spain;2017-08-01;79,36
Spain;2017-09-01;159,15
Spain;2017-10-01;83,12
Spain;2017-11-01;61,63
Spain;2017-12-01;389,08
Spain;2018-01-01;1770,38
Spain;2018-02-01;3772,62
Spain;2018-03-01;6136,88
Spain;2018-04-01;7650,8
Spain;2018-05-01;2565,39
Spain;2018-06-01;360,45
Spain;2018-07-01;477,38
Spain;2018-08-01;146,38
Spain;2018-09-01;90,63
Spain;2018-10-01;81,67
Spain;2018-11-01;133,76
Spain;2018-12-01;796,1
Spain;2019-01-01;2298,2
Spain;2019-02-01;5659,32
Spain;2019-03-01;10112,77
Spain;2019-04-01;9229,19
Spain;2019-05-01;1874,13
Spain;2019-06-01;136,93
Spain;2019-07-01;74,37
Spain;2019-08-01;149,03
Spain;2019-09-01;101,91
Spain;2019-10-01;71,15
Spain;2019-11-01;359,14
Spain;2019-12-01;800,81
Spain;2020-01-01;2337,26
Spain;2020-02-01;6499,34
Spain;2020-03-01;9228,86
Spain;2020-04-01;7571,51
Spain;2020-05-01;3227,45
Spain;2020-06-01;680,22
Spain;2020-07-01;80,11
Spain;2020-08-01;106,34
Spain;2020-09-01;215,44
Spain;2020-10-01;271,48
Spain;2020-11-01;996,74
Spain;2020-12-01;1509,82
Spain;2021-01-01;2164,72
Spain;2021-02-01;4552,67
Spain;2021-03-01;11887,83
Spain;2021-04-01;8702,62
Spain;2021-05-01;1804,1
Spain;2021-06-01;1590,87
Spain;2021-07-01;244,7
Spain;2021-08-01;198,73
Spain;2021-09-01;807,51
Spain;2021-10-01;405,3
Spain;2021-11-01;436,65
Spain;2021-12-01;905,34
Belgium;2005-01-01;210,53
Belgium;2005-02-01;317,87
Belgium;2005-03-01;219,96
Belgium;2005-04-01;149,14
Belgium;2005-05-01;2959,62
Belgium;2005-06-01;2162,16
Belgium;2005-07-01;582,87
Belgium;2005-08-01;903,57
Belgium;2005-09-01;448,36
Belgium;2005-10-01;305,36
Belgium;2005-11-01;318,4
Belgium;2005-12-01;398,72
Belgium;2006-01-01;216,82
Belgium;2006-02-01;87,81
Belgium;2006-03-01;253,38
Belgium;2006-04-01;385,88
Belgium;2006-05-01;1805,41
Belgium;2006-06-01;1307,57
Belgium;2006-07-01;756,5
Belgium;2006-08-01;600,76
Belgium;2006-09-01;393,7
Belgium;2006-10-01;360,53
Belgium;2006-11-01;637,34
Belgium;2006-12-01;54,97
Belgium;2007-01-01;294,29
Belgium;2007-02-01;174,59
Belgium;2007-03-01;291,65
Belgium;2007-04-01;884,07
Belgium;2007-05-01;1297,41
Belgium;2007-06-01;1141,36
Belgium;2007-07-01;1778,15
Belgium;2007-08-01;2514,29
Belgium;2007-09-01;1927,33
Belgium;2007-10-01;1332,56
Belgium;2007-11-01;1058,09
Belgium;2007-12-01;589,68
Belgium;2008-01-01;266,8
Belgium;2008-02-01;446,07
Belgium;2008-03-01;376,51
Belgium;2008-04-01;887,79
Belgium;2008-05-01;2321,12
Belgium;2008-06-01;1476,84
Belgium;2008-07-01;2313,29
Belgium;2008-08-01;934,33
Belgium;2008-09-01;1933,77
Belgium;2008-10-01;1394,78
Belgium;2008-11-01;925,62
Belgium;2008-12-01;946,82
Belgium;2009-01-01;274,36
Belgium;2009-02-01;421,7
Belgium;2009-03-01;578,74
Belgium;2009-04-01;1010,35
Belgium;2009-05-01;3042,87
Belgium;2009-06-01;2191,9
Belgium;2009-07-01;1835,59
Belgium;2009-08-01;2746,57
Belgium;2009-09-01;3392,18
Belgium;2009-10-01;1612,8
Belgium;2009-11-01;901,09
Belgium;2009-12-01;493,29
Belgium;2010-01-01;120,78
Belgium;2010-02-01;255,85
Belgium;2010-03-01;489,88
Belgium;2010-04-01;451,61
Belgium;2010-05-01;2166,36
Belgium;2010-06-01;2051,03
Belgium;2010-07-01;2474,25
Belgium;2010-08-01;3958,31
Belgium;2010-09-01;3201,61
Belgium;2010-10-01;1603,8
Belgium;2010-11-01;1655,21
Belgium;2010-12-01;647,01
Belgium;2011-01-01;405,45
Belgium;2011-02-01;267,67
Belgium;2011-03-01;519,58
Belgium;2011-04-01;675,32
Belgium;2011-05-01;1634,94
Belgium;2011-06-01;2225,66
Belgium;2011-07-01;4063,05
Belgium;2011-08-01;3790,95
Belgium;2011-09-01;3629,34
Belgium;2011-10-01;2268,3
Belgium;2011-11-01;2166,14
Belgium;2011-12-01;1060,57
Belgium;2012-01-01;335,4
Belgium;2012-02-01;255,7
Belgium;2012-03-01;466,21
Belgium;2012-04-01;923,35
Belgium;2012-05-01;1217,98
Belgium;2012-06-01;1170,74
Belgium;2012-07-01;1670,63
Belgium;2012-08-01;3434,51
Belgium;2012-09-01;3545,85
Belgium;2012-10-01;1934,41
Belgium;2012-11-01;2238,91
Belgium;2012-12-01;437,48
Belgium;2013-01-01;191,38
Belgium;2013-02-01;197,2
Belgium;2013-03-01;354,72
Belgium;2013-04-01;814,5
Belgium;2013-05-01;1488,43
Belgium;2013-06-01;2178,54
Belgium;2013-07-01;2694,39
Belgium;2013-08-01;3601,72
Belgium;2013-09-01;4007,12
Belgium;2013-10-01;1739,01
Belgium;2013-11-01;929,85
Belgium;2013-12-01;279,58
Belgium;2014-01-01;40,91
Belgium;2014-02-01;60,88
Belgium;2014-03-01;243,27
Belgium;2014-04-01;1807,2
Belgium;2014-05-01;5216,78
Belgium;2014-06-01;3649,58
Belgium;2014-07-01;4680,31
Belgium;2014-08-01;4165,91
Belgium;2014-09-01;3282,21
Belgium;2014-10-01;1641,66
Belgium;2014-11-01;2590,08
Belgium;2014-12-01;1211,1
Belgium;2015-01-01;253,93
Belgium;2015-02-01;376,58
Belgium;2015-03-01;244,89
Belgium;2015-04-01;1170,15
Belgium;2015-05-01;2589,16
Belgium;2015-06-01;4366,24
Belgium;2015-07-01;2727,64
Belgium;2015-08-01;2591,47
Belgium;2015-09-01;1970,84
Belgium;2015-10-01;2038,46
Belgium;2015-11-01;1876,86
Belgium;2015-12-01;476,21
Belgium;2016-01-01;365,48
Belgium;2016-02-01;437,69
Belgium;2016-03-01;584
Belgium;2016-04-01;1551,54
Belgium;2016-05-01;6201,86
Belgium;2016-06-01;6191,58
Belgium;2016-07-01;5093,48
Belgium;2016-08-01;4401,55
Belgium;2016-09-01;3510,86
Belgium;2016-10-01;4295,1
Belgium;2016-11-01;2977,48
Belgium;2016-12-01;1305,45
Belgium;2017-01-01;783,16
Belgium;2017-02-01;642,7
Belgium;2017-03-01;1488,36
Belgium;2017-04-01;3151,46
Belgium;2017-05-01;6588,01
Belgium;2017-06-01;7786,23
Belgium;2017-07-01;6386,92
Belgium;2017-08-01;4049,06
Belgium;2017-09-01;3842
Belgium;2017-10-01;3278,6
Belgium;2017-11-01;4324,36
Belgium;2017-12-01;1075,05
Belgium;2018-01-01;787,89
Belgium;2018-02-01;733,95
Belgium;2018-03-01;1377,43
Belgium;2018-04-01;3345,93
Belgium;2018-05-01;8045,83
Belgium;2018-06-01;7102,27
Belgium;2018-07-01;5747,65
Belgium;2018-08-01;3264,12
Belgium;2018-09-01;3152,26
Belgium;2018-10-01;2478,13
Belgium;2018-11-01;3044,21
Belgium;2018-12-01;1135,93
Belgium;2019-01-01;775,57
Belgium;2019-02-01;983,67
Belgium;2019-03-01;1327,2
Belgium;2019-04-01;2571,38
Belgium;2019-05-01;5308,55
Belgium;2019-06-01;8491,3
Belgium;2019-07-01;5437,87
Belgium;2019-08-01;4679,55
Belgium;2019-09-01;3908,64
Belgium;2019-10-01;4164,06
Belgium;2019-11-01;4936,38
Belgium;2019-12-01;3351,7
Belgium;2020-01-01;1377,46
Belgium;2020-02-01;1519,51
Belgium;2020-03-01;1402,9
Belgium;2020-04-01;3687,02
Belgium;2020-05-01;6722,31
Belgium;2020-06-01;7985,99
Belgium;2020-07-01;5441,03
Belgium;2020-08-01;4528,15
Belgium;2020-09-01;3720,79
Belgium;2020-10-01;4213,99
Belgium;2020-11-01;7171,1
Belgium;2020-12-01;3410,75
Belgium;2021-01-01;1821,9
Belgium;2021-02-01;1738,74
Belgium;2021-03-01;2936,71
Belgium;2021-04-01;4448,14
Belgium;2021-05-01;9979,52
Belgium;2021-06-01;9092,52
Belgium;2021-07-01;6321,81
Belgium;2021-08-01;3650,83
Belgium;2021-09-01;4002,14
Belgium;2021-10-01;4593,05
Belgium;2021-11-01;8298,25
Belgium;2021-12-01;2360,06
Luxembourg;2005-01-01;
Luxembourg;2005-02-01;
Luxembourg;2005-03-01;
Luxembourg;2005-04-01;
Luxembourg;2005-05-01;
Luxembourg;2005-06-01;
Luxembourg;2005-07-01;
Luxembourg;2005-08-01;
Luxembourg;2005-09-01;
Luxembourg;2005-10-01;
Luxembourg;2005-11-01;
Luxembourg;2005-12-01;
Luxembourg;2006-01-01;
Luxembourg;2006-02-01;
Luxembourg;2006-03-01;
Luxembourg;2006-04-01;
Luxembourg;2006-05-01;
Luxembourg;2006-06-01;
Luxembourg;2006-07-01;
Luxembourg;2006-08-01;
Luxembourg;2006-09-01;
Luxembourg;2006-10-01;
Luxembourg;2006-11-01;
Luxembourg;2006-12-01;
Luxembourg;2007-01-01;
Luxembourg;2007-02-01;
Luxembourg;2007-03-01;
Luxembourg;2007-04-01;
Luxembourg;2007-05-01;
Luxembourg;2007-06-01;
Luxembourg;2007-07-01;
Luxembourg;2007-08-01;
Luxembourg;2007-09-01;0,89
Luxembourg;2007-10-01;
Luxembourg;2007-11-01;
Luxembourg;2007-12-01;
Luxembourg;2008-01-01;
Luxembourg;2008-02-01;
Luxembourg;2008-03-01;
Luxembourg;2008-04-01;
Luxembourg;2008-05-01;
Luxembourg;2008-06-01;
Luxembourg;2008-07-01;
Luxembourg;2008-08-01;
Luxembourg;2008-09-01;
Luxembourg;2008-10-01;
Luxembourg;2008-11-01;
Luxembourg;2008-12-01;
Luxembourg;2009-01-01;
Luxembourg;2009-02-01;
Luxembourg;2009-03-01;
Luxembourg;2009-04-01;
Luxembourg;2009-05-01;0,04
Luxembourg;2009-06-01;0,04
Luxembourg;2009-07-01;371,06
Luxembourg;2009-08-01;
Luxembourg;2009-09-01;
Luxembourg;2009-10-01;
Luxembourg;2009-11-01;
Luxembourg;2009-12-01;
Luxembourg;2010-01-01;
Luxembourg;2010-02-01;
Luxembourg;2010-03-01;
Luxembourg;2010-04-01;0,04
Luxembourg;2010-05-01;0,09
Luxembourg;2010-06-01;0,04
Luxembourg;2010-07-01;
Luxembourg;2010-08-01;
Luxembourg;2010-09-01;
Luxembourg;2010-10-01;
Luxembourg;2010-11-01;
Luxembourg;2010-12-01;
Luxembourg;2011-01-01;
Luxembourg;2011-02-01;
Luxembourg;2011-03-01;
Luxembourg;2011-04-01;
Luxembourg;2011-05-01;0,04
Luxembourg;2011-06-01;
Luxembourg;2011-07-01;
Luxembourg;2011-08-01;
Luxembourg;2011-09-01;0,56
Luxembourg;2011-10-01;
Luxembourg;2011-11-01;
Luxembourg;2011-12-01;0,04
Luxembourg;2012-01-01;14,56
Luxembourg;2012-02-01;0,67
Luxembourg;2012-03-01;0,92
Luxembourg;2012-04-01;0,93
Luxembourg;2012-05-01;2,33
Luxembourg;2012-06-01;1,17
Luxembourg;2012-07-01;
Luxembourg;2012-08-01;
Luxembourg;2012-09-01;
Luxembourg;2012-10-01;
Luxembourg;2012-11-01;1,27
Luxembourg;2012-12-01;0,85
Luxembourg;2013-01-01;2,41
Luxembourg;2013-02-01;5,98
Luxembourg;2013-03-01;34,18
Luxembourg;2013-04-01;
Luxembourg;2013-05-01;1,57
Luxembourg;2013-06-01;
Luxembourg;2013-07-01;
Luxembourg;2013-08-01;
Luxembourg;2013-09-01;
Luxembourg;2013-10-01;
Luxembourg;2013-11-01;
Luxembourg;2013-12-01;
Luxembourg;2014-01-01;
Luxembourg;2014-02-01;
Luxembourg;2014-03-01;
Luxembourg;2014-04-01;223,86
Luxembourg;2014-05-01;
Luxembourg;2014-06-01;
Luxembourg;2014-07-01;
Luxembourg;2014-08-01;
Luxembourg;2014-09-01;
Luxembourg;2014-10-01;
Luxembourg;2014-11-01;
Luxembourg;2014-12-01;
Luxembourg;2015-01-01;
Luxembourg;2015-02-01;
Luxembourg;2015-03-01;
Luxembourg;2015-04-01;
Luxembourg;2015-05-01;
Luxembourg;2015-06-01;
Luxembourg;2015-07-01;
Luxembourg;2015-08-01;
Luxembourg;2015-09-01;
Luxembourg;2015-10-01;
Luxembourg;2015-11-01;
Luxembourg;2015-12-01;1,31
Luxembourg;2016-01-01;0,2
Luxembourg;2016-02-01;0,28
Luxembourg;2016-03-01;0,56
Luxembourg;2016-04-01;0,6
Luxembourg;2016-05-01;0,39
Luxembourg;2016-06-01;0,38
Luxembourg;2016-07-01;56,41
Luxembourg;2016-08-01;2,33
Luxembourg;2016-09-01;1,1
Luxembourg;2016-10-01;1,97
Luxembourg;2016-11-01;0,26
Luxembourg;2016-12-01;4,18
Luxembourg;2017-01-01;0,03
Luxembourg;2017-02-01;2,13
Luxembourg;2017-03-01;3,63
Luxembourg;2017-04-01;4,01
Luxembourg;2017-05-01;0,2
Luxembourg;2017-06-01;0,92
Luxembourg;2017-07-01;0,15
Luxembourg;2017-08-01;0,06
Luxembourg;2017-09-01;0,05
Luxembourg;2017-10-01;59,1
Luxembourg;2017-11-01;0,17
Luxembourg;2017-12-01;0,08
Luxembourg;2018-01-01;0,09
Luxembourg;2018-02-01;8,03
Luxembourg;2018-03-01;3,7
Luxembourg;2018-04-01;12,75
Luxembourg;2018-05-01;1,92
Luxembourg;2018-06-01;1,19
Luxembourg;2018-07-01;0,01
Luxembourg;2018-08-01;0,02
Luxembourg;2018-09-01;0,23
Luxembourg;2018-10-01;3,9
Luxembourg;2018-11-01;3,84
Luxembourg;2018-12-01;0,73
Luxembourg;2019-01-01;2,77
Luxembourg;2019-02-01;3,33
Luxembourg;2019-03-01;5,92
Luxembourg;2019-04-01;1,47
Luxembourg;2019-05-01;2,68
Luxembourg;2019-06-01;0,91
Luxembourg;2019-07-01;1,83
Luxembourg;2019-08-01;2,49
Luxembourg;2019-09-01;0,24
Luxembourg;2019-10-01;4,24
Luxembourg;2019-11-01;2,8
Luxembourg;2019-12-01;3,03
Luxembourg;2020-01-01;6,33
Luxembourg;2020-02-01;8,23
Luxembourg;2020-03-01;8,8
Luxembourg;2020-04-01;5,77
Luxembourg;2020-05-01;0,6
Luxembourg;2020-06-01;6,85
Luxembourg;2020-07-01;12,07
Luxembourg;2020-08-01;4,17
Luxembourg;2020-09-01;0,12
Luxembourg;2020-10-01;5,37
Luxembourg;2020-11-01;5,57
Luxembourg;2020-12-01;6,89
Luxembourg;2021-01-01;5,19
Luxembourg;2021-02-01;0,42
Luxembourg;2021-03-01;20,7
Luxembourg;2021-04-01;31,98
Luxembourg;2021-05-01;5,46
Luxembourg;2021-06-01;6,79
Luxembourg;2021-07-01;12,28
Luxembourg;2021-08-01;0,42
Luxembourg;2021-09-01;5,19
Luxembourg;2021-10-01;0,17
Luxembourg;2021-11-01;0,09
Luxembourg;2021-12-01;0,4
Sweden;2005-01-01;
Sweden;2005-02-01;
Sweden;2005-03-01;
Sweden;2005-04-01;
Sweden;2005-05-01;
Sweden;2005-06-01;
Sweden;2005-07-01;
Sweden;2005-08-01;
Sweden;2005-09-01;
Sweden;2005-10-01;
Sweden;2005-11-01;
Sweden;2005-12-01;
Sweden;2006-01-01;
Sweden;2006-02-01;
Sweden;2006-03-01;
Sweden;2006-04-01;
Sweden;2006-05-01;
Sweden;2006-06-01;
Sweden;2006-07-01;
Sweden;2006-08-01;
Sweden;2006-09-01;
Sweden;2006-10-01;
Sweden;2006-11-01;
Sweden;2006-12-01;
Sweden;2007-01-01;
Sweden;2007-02-01;
Sweden;2007-03-01;
Sweden;2007-04-01;
Sweden;2007-05-01;
Sweden;2007-06-01;
Sweden;2007-07-01;
Sweden;2007-08-01;
Sweden;2007-09-01;
Sweden;2007-10-01;
Sweden;2007-11-01;
Sweden;2007-12-01;
Sweden;2008-01-01;
Sweden;2008-02-01;
Sweden;2008-03-01;
Sweden;2008-04-01;
Sweden;2008-05-01;
Sweden;2008-06-01;
Sweden;2008-07-01;
Sweden;2008-08-01;
Sweden;2008-09-01;
Sweden;2008-10-01;
Sweden;2008-11-01;
Sweden;2008-12-01;
Sweden;2009-01-01;
Sweden;2009-02-01;600
Sweden;2009-03-01;30,37
Sweden;2009-04-01;23,1
Sweden;2009-05-01;18,86
Sweden;2009-06-01;5,38
Sweden;2009-07-01;56,16
Sweden;2009-08-01;
Sweden;2009-09-01;
Sweden;2009-10-01;
Sweden;2009-11-01;
Sweden;2009-12-01;19,11
Sweden;2010-01-01;
Sweden;2010-02-01;22,45
Sweden;2010-03-01;21,36
Sweden;2010-04-01;21,36
Sweden;2010-05-01;57,6
Sweden;2010-06-01;32,15
Sweden;2010-07-01;29,02
Sweden;2010-08-01;22,8
Sweden;2010-09-01;
Sweden;2010-10-01;
Sweden;2010-11-01;
Sweden;2010-12-01;
Sweden;2011-01-01;
Sweden;2011-02-01;
Sweden;2011-03-01;
Sweden;2011-04-01;
Sweden;2011-05-01;
Sweden;2011-06-01;
Sweden;2011-07-01;
Sweden;2011-08-01;
Sweden;2011-09-01;
Sweden;2011-10-01;
Sweden;2011-11-01;
Sweden;2011-12-01;
Sweden;2012-01-01;7,96
Sweden;2012-02-01;35,04
Sweden;2012-03-01;72,42
Sweden;2012-04-01;36,02
Sweden;2012-05-01;110,38
Sweden;2012-06-01;1,76
Sweden;2012-07-01;
Sweden;2012-08-01;30,72
Sweden;2012-09-01;33,08
Sweden;2012-10-01;30,5
Sweden;2012-11-01;132,29
Sweden;2012-12-01;0,43
Sweden;2013-01-01;61,96
Sweden;2013-02-01;13,52
Sweden;2013-03-01;129,25
Sweden;2013-04-01;38,29
Sweden;2013-05-01;
Sweden;2013-06-01;
Sweden;2013-07-01;
Sweden;2013-08-01;
Sweden;2013-09-01;
Sweden;2013-10-01;
Sweden;2013-11-01;1,46
Sweden;2013-12-01;
Sweden;2014-01-01;
Sweden;2014-02-01;
Sweden;2014-03-01;
Sweden;2014-04-01;707,17
Sweden;2014-05-01;
Sweden;2014-06-01;32,85
Sweden;2014-07-01;
Sweden;2014-08-01;1,15
Sweden;2014-09-01;
Sweden;2014-10-01;
Sweden;2014-11-01;
Sweden;2014-12-01;
Sweden;2015-01-01;1,79
Sweden;2015-02-01;
Sweden;2015-03-01;
Sweden;2015-04-01;0,82
Sweden;2015-05-01;
Sweden;2015-06-01;1,88
Sweden;2015-07-01;
Sweden;2015-08-01;28,35
Sweden;2015-09-01;
Sweden;2015-10-01;
Sweden;2015-11-01;
Sweden;2015-12-01;
Sweden;2016-01-01;0,79
Sweden;2016-02-01;1,75
Sweden;2016-03-01;1,32
Sweden;2016-04-01;17,92
Sweden;2016-05-01;2,23
Sweden;2016-06-01;5,3
Sweden;2016-07-01;17,88
Sweden;2016-08-01;9,92
Sweden;2016-09-01;13,93
Sweden;2016-10-01;6,87
Sweden;2016-11-01;5,95
Sweden;2016-12-01;1,3
Sweden;2017-01-01;28,6
Sweden;2017-02-01;144,58
Sweden;2017-03-01;14,72
Sweden;2017-04-01;85,49
Sweden;2017-05-01;19,35
Sweden;2017-06-01;15,27
Sweden;2017-07-01;6,9
Sweden;2017-08-01;6,41
Sweden;2017-09-01;8,25
Sweden;2017-10-01;107,15
Sweden;2017-11-01;10,7
Sweden;2017-12-01;23,79
Sweden;2018-01-01;14,36
Sweden;2018-02-01;12,95
Sweden;2018-03-01;0,19
Sweden;2018-04-01;16,46
Sweden;2018-05-01;2,4
Sweden;2018-06-01;4,61
Sweden;2018-07-01;0,55
Sweden;2018-08-01;2,34
Sweden;2018-09-01;8,04
Sweden;2018-10-01;2,28
Sweden;2018-11-01;2,03
Sweden;2018-12-01;1,28
Sweden;2019-01-01;0,09
Sweden;2019-02-01;2,58
Sweden;2019-03-01;0,33
Sweden;2019-04-01;12,51
Sweden;2019-05-01;1,49
Sweden;2019-06-01;8,94
Sweden;2019-07-01;7,52
Sweden;2019-08-01;3,86
Sweden;2019-09-01;28,17
Sweden;2019-10-01;6,36
Sweden;2019-11-01;8,39
Sweden;2019-12-01;18,81
Sweden;2020-01-01;23,26
Sweden;2020-02-01;14,82
Sweden;2020-03-01;0,74
Sweden;2020-04-01;0,99
Sweden;2020-05-01;0,43
Sweden;2020-06-01;5,63
Sweden;2020-07-01;2,83
Sweden;2020-08-01;0,89
Sweden;2020-09-01;0,19
Sweden;2020-10-01;0,92
Sweden;2020-11-01;1,92
Sweden;2020-12-01;2,04
Sweden;2021-01-01;73,11
Sweden;2021-02-01;146,69
Sweden;2021-03-01;6,22
Sweden;2021-04-01;59,87
Sweden;2021-05-01;4,41
Sweden;2021-06-01;8,76
Sweden;2021-07-01;3,78
Sweden;2021-08-01;2,15
Sweden;2021-09-01;1,09
Sweden;2021-10-01;1,03
Sweden;2021-11-01;5,67
Sweden;2021-12-01;61,94
Poland;2005-01-01;
Poland;2005-02-01;
Poland;2005-03-01;
Poland;2005-04-01;
Poland;2005-05-01;
Poland;2005-06-01;1106,5
Poland;2005-07-01;614,3
Poland;2005-08-01;5,76
Poland;2005-09-01;
Poland;2005-10-01;
Poland;2005-11-01;
Poland;2005-12-01;
Poland;2006-01-01;
Poland;2006-02-01;
Poland;2006-03-01;
Poland;2006-04-01;
Poland;2006-05-01;
Poland;2006-06-01;2156,01
Poland;2006-07-01;962,9
Poland;2006-08-01;
Poland;2006-09-01;
Poland;2006-10-01;
Poland;2006-11-01;
Poland;2006-12-01;
Poland;2007-01-01;
Poland;2007-02-01;
Poland;2007-03-01;
Poland;2007-04-01;
Poland;2007-05-01;21,12
Poland;2007-06-01;3858,29
Poland;2007-07-01;258,84
Poland;2007-08-01;
Poland;2007-09-01;
Poland;2007-10-01;
Poland;2007-11-01;
Poland;2007-12-01;
Poland;2008-01-01;
Poland;2008-02-01;
Poland;2008-03-01;
Poland;2008-04-01;
Poland;2008-05-01;
Poland;2008-06-01;553,95
Poland;2008-07-01;915,7
Poland;2008-08-01;17,36
Poland;2008-09-01;
Poland;2008-10-01;
Poland;2008-11-01;
Poland;2008-12-01;
Poland;2009-01-01;
Poland;2009-02-01;
Poland;2009-03-01;
Poland;2009-04-01;
Poland;2009-05-01;14,97
Poland;2009-06-01;301
Poland;2009-07-01;158,24
Poland;2009-08-01;0,99
Poland;2009-09-01;
Poland;2009-10-01;27,79
Poland;2009-11-01;
Poland;2009-12-01;1,36
Poland;2010-01-01;
Poland;2010-02-01;
Poland;2010-03-01;15,4
Poland;2010-04-01;15,4
Poland;2010-05-01;
Poland;2010-06-01;1667,33
Poland;2010-07-01;749,04
Poland;2010-08-01;204,31
Poland;2010-09-01;71,98
Poland;2010-10-01;147,08
Poland;2010-11-01;296,6
Poland;2010-12-01;588,17
Poland;2011-01-01;135,82
Poland;2011-02-01;57,37
Poland;2011-03-01;211,15
Poland;2011-04-01;170,43
Poland;2011-05-01;449,35
Poland;2011-06-01;2514,13
Poland;2011-07-01;814,03
Poland;2011-08-01;224,99
Poland;2011-09-01;
Poland;2011-10-01;223,73
Poland;2011-11-01;341,47
Poland;2011-12-01;317,72
Poland;2012-01-01;240,98
Poland;2012-02-01;121,53
Poland;2012-03-01;290,23
Poland;2012-04-01;408,6
Poland;2012-05-01;128,41
Poland;2012-06-01;911,62
Poland;2012-07-01;218,36
Poland;2012-08-01;714,63
Poland;2012-09-01;204,96
Poland;2012-10-01;17,14
Poland;2012-11-01;1058,06
Poland;2012-12-01;
Poland;2013-01-01;
Poland;2013-02-01;
Poland;2013-03-01;
Poland;2013-04-01;
Poland;2013-05-01;
Poland;2013-06-01;538,02
Poland;2013-07-01;221,81
Poland;2013-08-01;810,59
Poland;2013-09-01;209,12
Poland;2013-10-01;55,37
Poland;2013-11-01;
Poland;2013-12-01;
Poland;2014-01-01;
Poland;2014-02-01;
Poland;2014-03-01;
Poland;2014-04-01;
Poland;2014-05-01;
Poland;2014-06-01;368,47
Poland;2014-07-01;
Poland;2014-08-01;
Poland;2014-09-01;
Poland;2014-10-01;
Poland;2014-11-01;
Poland;2014-12-01;
Poland;2015-01-01;13,18
Poland;2015-02-01;
Poland;2015-03-01;4,77
Poland;2015-04-01;4,06
Poland;2015-05-01;14,79
Poland;2015-06-01;31,23
Poland;2015-07-01;11,54
Poland;2015-08-01;15,04
Poland;2015-09-01;2,77
Poland;2015-10-01;12,39
Poland;2015-11-01;5,3
Poland;2015-12-01;8,37
Poland;2016-01-01;15,66
Poland;2016-02-01;18,25
Poland;2016-03-01;15,1
Poland;2016-04-01;22,07
Poland;2016-05-01;26,72
Poland;2016-06-01;32,38
Poland;2016-07-01;33,27
Poland;2016-08-01;27,37
Poland;2016-09-01;29,54
Poland;2016-10-01;26,88
Poland;2016-11-01;28,42
Poland;2016-12-01;26,69
Poland;2017-01-01;20,13
Poland;2017-02-01;30,83
Poland;2017-03-01;17,82
Poland;2017-04-01;25,7
Poland;2017-05-01;33,02
Poland;2017-06-01;323,93
Poland;2017-07-01;64,17
Poland;2017-08-01;46,59
Poland;2017-09-01;43,74
Poland;2017-10-01;41,12
Poland;2017-11-01;59,27
Poland;2017-12-01;54,72
Poland;2018-01-01;45,26
Poland;2018-02-01;80,89
Poland;2018-03-01;55,49
Poland;2018-04-01;45,93
Poland;2018-05-01;289,51
Poland;2018-06-01;643,69
Poland;2018-07-01;35,76
Poland;2018-08-01;68,4
Poland;2018-09-01;41,23
Poland;2018-10-01;72,61
Poland;2018-11-01;59,31
Poland;2018-12-01;62,6
Poland;2019-01-01;77,7
Poland;2019-02-01;77,52
Poland;2019-03-01;78,62
Poland;2019-04-01;92,5
Poland;2019-05-01;70,33
Poland;2019-06-01;785,58
Poland;2019-07-01;217,44
Poland;2019-08-01;121,45
Poland;2019-09-01;158,24
Poland;2019-10-01;99,07
Poland;2019-11-01;85,94
Poland;2019-12-01;137,85
Poland;2020-01-01;115,63
Poland;2020-02-01;182,55
Poland;2020-03-01;231,99
Poland;2020-04-01;136,68
Poland;2020-05-01;249,04
Poland;2020-06-01;390,84
Poland;2020-07-01;348,87
Poland;2020-08-01;332,98
Poland;2020-09-01;133,24
Poland;2020-10-01;182,57
Poland;2020-11-01;238,86
Poland;2020-12-01;147,46
Poland;2021-01-01;100,16
Poland;2021-02-01;133,97
Poland;2021-03-01;187,2
Poland;2021-04-01;150,33
Poland;2021-05-01;139,96
Poland;2021-06-01;515,82
Poland;2021-07-01;312,86
Poland;2021-08-01;159,02
Poland;2021-09-01;129,97
Poland;2021-10-01;680,96
Poland;2021-11-01;141,87
Poland;2021-12-01;276,29
United States;2005-01-01;
United States;2005-02-01;2,95
United States;2005-03-01;
United States;2005-04-01;
United States;2005-05-01;
United States;2005-06-01;
United States;2005-07-01;
United States;2005-08-01;
United States;2005-09-01;
United States;2005-10-01;
United States;2005-11-01;45,08
United States;2005-12-01;29,09
United States;2006-01-01;18,64
United States;2006-02-01;
United States;2006-03-01;
United States;2006-04-01;
United States;2006-05-01;
United States;2006-06-01;
United States;2006-07-01;
United States;2006-08-01;
United States;2006-09-01;
United States;2006-10-01;1,01
United States;2006-11-01;2,84
United States;2006-12-01;
United States;2007-01-01;4,26
United States;2007-02-01;
United States;2007-03-01;
United States;2007-04-01;
United States;2007-05-01;
United States;2007-06-01;
United States;2007-07-01;
United States;2007-08-01;
United States;2007-09-01;
United States;2007-10-01;14,37
United States;2007-11-01;5,07
United States;2007-12-01;
United States;2008-01-01;
United States;2008-02-01;1,2
United States;2008-03-01;
United States;2008-04-01;7,46
United States;2008-05-01;
United States;2008-06-01;
United States;2008-07-01;126,66
United States;2008-08-01;
United States;2008-09-01;
United States;2008-10-01;
United States;2008-11-01;
United States;2008-12-01;1,26
United States;2009-01-01;
United States;2009-02-01;3,38
United States;2009-03-01;
United States;2009-04-01;
United States;2009-05-01;
United States;2009-06-01;
United States;2009-07-01;
United States;2009-08-01;
United States;2009-09-01;
United States;2009-10-01;3,56
United States;2009-11-01;5,07
United States;2009-12-01;
United States;2010-01-01;
United States;2010-02-01;
United States;2010-03-01;12,93
United States;2010-04-01;
United States;2010-05-01;242,89
United States;2010-06-01;8,91
United States;2010-07-01;23,4
United States;2010-08-01;18,76
United States;2010-09-01;61,08
United States;2010-10-01;2,97
United States;2010-11-01;
United States;2010-12-01;
United States;2011-01-01;
United States;2011-02-01;6,34
United States;2011-03-01;
United States;2011-04-01;
United States;2011-05-01;
United States;2011-06-01;24,24
United States;2011-07-01;55,22
United States;2011-08-01;7,94
United States;2011-09-01;95,22
United States;2011-10-01;93,68
United States;2011-11-01;183,97
United States;2011-12-01;80,21
United States;2012-01-01;
United States;2012-02-01;
United States;2012-03-01;
United States;2012-04-01;
United States;2012-05-01;4,63
United States;2012-06-01;
United States;2012-07-01;
United States;2012-08-01;
United States;2012-09-01;121,25
United States;2012-10-01;69,36
United States;2012-11-01;16,49
United States;2012-12-01;
United States;2013-01-01;5,39
United States;2013-02-01;
United States;2013-03-01;
United States;2013-04-01;1,51
United States;2013-05-01;1,81
United States;2013-06-01;9,2
United States;2013-07-01;
United States;2013-08-01;
United States;2013-09-01;1,75
United States;2013-10-01;5,32
United States;2013-11-01;23,23
United States;2013-12-01;0,45
United States;2014-01-01;17,14
United States;2014-02-01;
United States;2014-03-01;
United States;2014-04-01;
United States;2014-05-01;
United States;2014-06-01;
United States;2014-07-01;
United States;2014-08-01;8,58
United States;2014-09-01;15,84
United States;2014-10-01;18,95
United States;2014-11-01;9,08
United States;2014-12-01;
United States;2015-01-01;8,16
United States;2015-02-01;5,25
United States;2015-03-01;0,05
United States;2015-04-01;
United States;2015-05-01;
United States;2015-06-01;
United States;2015-07-01;
United States;2015-08-01;
United States;2015-09-01;
United States;2015-10-01;
United States;2015-11-01;
United States;2015-12-01;
United States;2016-01-01;
United States;2016-02-01;
United States;2016-03-01;
United States;2016-04-01;
United States;2016-05-01;
United States;2016-06-01;
United States;2016-07-01;
United States;2016-08-01;
United States;2016-09-01;
United States;2016-10-01;
United States;2016-11-01;
United States;2016-12-01;
United States;2017-01-01;
United States;2017-02-01;
United States;2017-03-01;
United States;2017-04-01;
United States;2017-05-01;
United States;2017-06-01;
United States;2017-07-01;
United States;2017-08-01;
United States;2017-09-01;
United States;2017-10-01;
United States;2017-11-01;
United States;2017-12-01;
United States;2018-01-01;
United States;2018-02-01;
United States;2018-03-01;
United States;2018-04-01;
United States;2018-05-01;
United States;2018-06-01;
United States;2018-07-01;
United States;2018-08-01;
United States;2018-09-01;
United States;2018-10-01;
United States;2018-11-01;
United States;2018-12-01;
United States;2019-01-01;6,42
United States;2019-02-01;
United States;2019-03-01;
United States;2019-04-01;
United States;2019-05-01;
United States;2019-06-01;
United States;2019-07-01;
United States;2019-08-01;
United States;2019-09-01;
United States;2019-10-01;
United States;2019-11-01;
United States;2019-12-01;
United States;2020-01-01;
United States;2020-02-01;
United States;2020-03-01;
United States;2020-04-01;
United States;2020-05-01;
United States;2020-06-01;
United States;2020-07-01;
United States;2020-08-01;
United States;2020-09-01;
United States;2020-10-01;
United States;2020-11-01;
United States;2020-12-01;
United States;2021-01-01;
United States;2021-02-01;
United States;2021-03-01;
United States;2021-04-01;
United States;2021-05-01;
United States;2021-06-01;
United States;2021-07-01;
United States;2021-08-01;
United States;2021-09-01;
United States;2021-10-01;
United States;2021-11-01;
United States;2021-12-01;
Morocco;2005-01-01;
Morocco;2005-02-01;
Morocco;2005-03-01;
Morocco;2005-04-01;7,94
Morocco;2005-05-01;
Morocco;2005-06-01;
Morocco;2005-07-01;
Morocco;2005-08-01;
Morocco;2005-09-01;
Morocco;2005-10-01;
Morocco;2005-11-01;
Morocco;2005-12-01;
Morocco;2006-01-01;
Morocco;2006-02-01;
Morocco;2006-03-01;50,7
Morocco;2006-04-01;43,78
Morocco;2006-05-01;
Morocco;2006-06-01;
Morocco;2006-07-01;
Morocco;2006-08-01;
Morocco;2006-09-01;
Morocco;2006-10-01;
Morocco;2006-11-01;
Morocco;2006-12-01;
Morocco;2007-01-01;80,53
Morocco;2007-02-01;76,79
Morocco;2007-03-01;
Morocco;2007-04-01;
Morocco;2007-05-01;
Morocco;2007-06-01;
Morocco;2007-07-01;
Morocco;2007-08-01;
Morocco;2007-09-01;
Morocco;2007-10-01;
Morocco;2007-11-01;
Morocco;2007-12-01;
Morocco;2008-01-01;
Morocco;2008-02-01;44,65
Morocco;2008-03-01;
Morocco;2008-04-01;
Morocco;2008-05-01;
Morocco;2008-06-01;
Morocco;2008-07-01;
Morocco;2008-08-01;
Morocco;2008-09-01;
Morocco;2008-10-01;
Morocco;2008-11-01;
Morocco;2008-12-01;
Morocco;2009-01-01;
Morocco;2009-02-01;
Morocco;2009-03-01;25,13
Morocco;2009-04-01;61,85
Morocco;2009-05-01;
Morocco;2009-06-01;
Morocco;2009-07-01;
Morocco;2009-08-01;
Morocco;2009-09-01;
Morocco;2009-10-01;
Morocco;2009-11-01;
Morocco;2009-12-01;1,98
Morocco;2010-01-01;22,92
Morocco;2010-02-01;19,57
Morocco;2010-03-01;
Morocco;2010-04-01;
Morocco;2010-05-01;
Morocco;2010-06-01;
Morocco;2010-07-01;
Morocco;2010-08-01;
Morocco;2010-09-01;
Morocco;2010-10-01;
Morocco;2010-11-01;
Morocco;2010-12-01;1,33
Morocco;2011-01-01;127,78
Morocco;2011-02-01;19,45
Morocco;2011-03-01;
Morocco;2011-04-01;24,04
Morocco;2011-05-01;
Morocco;2011-06-01;
Morocco;2011-07-01;
Morocco;2011-08-01;
Morocco;2011-09-01;
Morocco;2011-10-01;
Morocco;2011-11-01;
Morocco;2011-12-01;
Morocco;2012-01-01;197,84
Morocco;2012-02-01;464,48
Morocco;2012-03-01;738,74
Morocco;2012-04-01;31,21
Morocco;2012-05-01;
Morocco;2012-06-01;
Morocco;2012-07-01;
Morocco;2012-08-01;
Morocco;2012-09-01;
Morocco;2012-10-01;
Morocco;2012-11-01;
Morocco;2012-12-01;18,8
Morocco;2013-01-01;45,77
Morocco;2013-02-01;
Morocco;2013-03-01;
Morocco;2013-04-01;
Morocco;2013-05-01;
Morocco;2013-06-01;
Morocco;2013-07-01;
Morocco;2013-08-01;
Morocco;2013-09-01;
Morocco;2013-10-01;
Morocco;2013-11-01;
Morocco;2013-12-01;
Morocco;2014-01-01;
Morocco;2014-02-01;
Morocco;2014-03-01;
Morocco;2014-04-01;
Morocco;2014-05-01;
Morocco;2014-06-01;
Morocco;2014-07-01;
Morocco;2014-08-01;
Morocco;2014-09-01;
Morocco;2014-10-01;
Morocco;2014-11-01;
Morocco;2014-12-01;
Morocco;2015-01-01;
Morocco;2015-02-01;0,98
Morocco;2015-03-01;217,2
Morocco;2015-04-01;
Morocco;2015-05-01;
Morocco;2015-06-01;
Morocco;2015-07-01;
Morocco;2015-08-01;
Morocco;2015-09-01;
Morocco;2015-10-01;
Morocco;2015-11-01;
Morocco;2015-12-01;
Morocco;2016-01-01;
Morocco;2016-02-01;
Morocco;2016-03-01;
Morocco;2016-04-01;
Morocco;2016-05-01;
Morocco;2016-06-01;
Morocco;2016-07-01;
Morocco;2016-08-01;
Morocco;2016-09-01;
Morocco;2016-10-01;
Morocco;2016-11-01;
Morocco;2016-12-01;
Morocco;2017-01-01;
Morocco;2017-02-01;
Morocco;2017-03-01;
Morocco;2017-04-01;26,77
Morocco;2017-05-01;
Morocco;2017-06-01;
Morocco;2017-07-01;
Morocco;2017-08-01;
Morocco;2017-09-01;
Morocco;2017-10-01;
Morocco;2017-11-01;
Morocco;2017-12-01;
Morocco;2018-01-01;
Morocco;2018-02-01;
Morocco;2018-03-01;
Morocco;2018-04-01;
Morocco;2018-05-01;
Morocco;2018-06-01;
Morocco;2018-07-01;
Morocco;2018-08-01;
Morocco;2018-09-01;
Morocco;2018-10-01;
Morocco;2018-11-01;
Morocco;2018-12-01;66,82
Morocco;2019-01-01;83,56
Morocco;2019-02-01;154,59
Morocco;2019-03-01;472,93
Morocco;2019-04-01;55,35
Morocco;2019-05-01;
Morocco;2019-06-01;
Morocco;2019-07-01;
Morocco;2019-08-01;
Morocco;2019-09-01;
Morocco;2019-10-01;
Morocco;2019-11-01;
Morocco;2019-12-01;68,64
Morocco;2020-01-01;545,15
Morocco;2020-02-01;300,29
Morocco;2020-03-01;137,56
Morocco;2020-04-01;
Morocco;2020-05-01;
Morocco;2020-06-01;
Morocco;2020-07-01;
Morocco;2020-08-01;
Morocco;2020-09-01;
Morocco;2020-10-01;
Morocco;2020-11-01;
Morocco;2020-12-01;
Morocco;2021-01-01;
Morocco;2021-02-01;
Morocco;2021-03-01;0,37
Morocco;2021-04-01;
Morocco;2021-05-01;
Morocco;2021-06-01;
Morocco;2021-07-01;
Morocco;2021-08-01;
Morocco;2021-09-01;
Morocco;2021-10-01;
Morocco;2021-11-01;
Morocco;2021-12-01;23,11
Egypt;2005-01-01;328,21
Egypt;2005-02-01;91,42
Egypt;2005-03-01;85,48
Egypt;2005-04-01;
Egypt;2005-05-01;
Egypt;2005-06-01;
Egypt;2005-07-01;
Egypt;2005-08-01;
Egypt;2005-09-01;
Egypt;2005-10-01;
Egypt;2005-11-01;35,91
Egypt;2005-12-01;1769,92
Egypt;2006-01-01;691,23
Egypt;2006-02-01;195,6
Egypt;2006-03-01;75,76
Egypt;2006-04-01;
Egypt;2006-05-01;
Egypt;2006-06-01;
Egypt;2006-07-01;
Egypt;2006-08-01;
Egypt;2006-09-01;
Egypt;2006-10-01;
Egypt;2006-11-01;103,35
Egypt;2006-12-01;1574,19
Egypt;2007-01-01;948,41
Egypt;2007-02-01;521,85
Egypt;2007-03-01;54,31
Egypt;2007-04-01;
Egypt;2007-05-01;
Egypt;2007-06-01;
Egypt;2007-07-01;
Egypt;2007-08-01;
Egypt;2007-09-01;
Egypt;2007-10-01;
Egypt;2007-11-01;126,63
Egypt;2007-12-01;1442,6
Egypt;2008-01-01;1086,3
Egypt;2008-02-01;262,38
Egypt;2008-03-01;0,04
Egypt;2008-04-01;
Egypt;2008-05-01;
Egypt;2008-06-01;
Egypt;2008-07-01;
Egypt;2008-08-01;
Egypt;2008-09-01;
Egypt;2008-10-01;
Egypt;2008-11-01;38,15
Egypt;2008-12-01;1108,14
Egypt;2009-01-01;1109,68
Egypt;2009-02-01;387,77
Egypt;2009-03-01;0,14
Egypt;2009-04-01;
Egypt;2009-05-01;
Egypt;2009-06-01;
Egypt;2009-07-01;
Egypt;2009-08-01;
Egypt;2009-09-01;
Egypt;2009-10-01;
Egypt;2009-11-01;265,4
Egypt;2009-12-01;1474,08
Egypt;2010-01-01;679,83
Egypt;2010-02-01;502,7
Egypt;2010-03-01;218,73
Egypt;2010-04-01;0,11
Egypt;2010-05-01;
Egypt;2010-06-01;
Egypt;2010-07-01;
Egypt;2010-08-01;
Egypt;2010-09-01;
Egypt;2010-10-01;
Egypt;2010-11-01;31,85
Egypt;2010-12-01;2336,11
Egypt;2011-01-01;1610,93
Egypt;2011-02-01;347,58
Egypt;2011-03-01;58,2
Egypt;2011-04-01;
Egypt;2011-05-01;
Egypt;2011-06-01;
Egypt;2011-07-01;
Egypt;2011-08-01;
Egypt;2011-09-01;
Egypt;2011-10-01;
Egypt;2011-11-01;26,82
Egypt;2011-12-01;2551,13
Egypt;2012-01-01;1898,09
Egypt;2012-02-01;234,24
Egypt;2012-03-01;17,35
Egypt;2012-04-01;1,05
Egypt;2012-05-01;
Egypt;2012-06-01;
Egypt;2012-07-01;
Egypt;2012-08-01;
Egypt;2012-09-01;
Egypt;2012-10-01;
Egypt;2012-11-01;570,87
Egypt;2012-12-01;2289,68
Egypt;2013-01-01;1925,7
Egypt;2013-02-01;147,68
Egypt;2013-03-01;12,12
Egypt;2013-04-01;
Egypt;2013-05-01;
Egypt;2013-06-01;
Egypt;2013-07-01;
Egypt;2013-08-01;
Egypt;2013-09-01;
Egypt;2013-10-01;
Egypt;2013-11-01;111,05
Egypt;2013-12-01;1917,44
Egypt;2014-01-01;1781,1
Egypt;2014-02-01;215,47
Egypt;2014-03-01;5,55
Egypt;2014-04-01;
Egypt;2014-05-01;
Egypt;2014-06-01;
Egypt;2014-07-01;
Egypt;2014-08-01;
Egypt;2014-09-01;
Egypt;2014-10-01;
Egypt;2014-11-01;91,49
Egypt;2014-12-01;3324,2
Egypt;2015-01-01;
Egypt;2015-02-01;
Egypt;2015-03-01;
Egypt;2015-04-01;
Egypt;2015-05-01;
Egypt;2015-06-01;
Egypt;2015-07-01;
Egypt;2015-08-01;
Egypt;2015-09-01;
Egypt;2015-10-01;
Egypt;2015-11-01;
Egypt;2015-12-01;
Egypt;2016-01-01;307,22
Egypt;2016-02-01;38,77
Egypt;2016-03-01;
Egypt;2016-04-01;
Egypt;2016-05-01;
Egypt;2016-06-01;
Egypt;2016-07-01;
Egypt;2016-08-01;
Egypt;2016-09-01;
Egypt;2016-10-01;
Egypt;2016-11-01;515,1
Egypt;2016-12-01;2202,76
Egypt;2017-01-01;1105,05
Egypt;2017-02-01;126,9
Egypt;2017-03-01;0,01
Egypt;2017-04-01;37,53
Egypt;2017-05-01;
Egypt;2017-06-01;
Egypt;2017-07-01;
Egypt;2017-08-01;
Egypt;2017-09-01;
Egypt;2017-10-01;
Egypt;2017-11-01;294,97
Egypt;2017-12-01;1659,2
Egypt;2018-01-01;411,21
Egypt;2018-02-01;44,2
Egypt;2018-03-01;
Egypt;2018-04-01;
Egypt;2018-05-01;
Egypt;2018-06-01;
Egypt;2018-07-01;
Egypt;2018-08-01;
Egypt;2018-09-01;
Egypt;2018-10-01;
Egypt;2018-11-01;587,67
Egypt;2018-12-01;3471,59
Egypt;2019-01-01;1380,04
Egypt;2019-02-01;110,13
Egypt;2019-03-01;0,05
Egypt;2019-04-01;
Egypt;2019-05-01;
Egypt;2019-06-01;
Egypt;2019-07-01;
Egypt;2019-08-01;
Egypt;2019-09-01;
Egypt;2019-10-01;
Egypt;2019-11-01;748,89
Egypt;2019-12-01;3266,18
Egypt;2020-01-01;880,5
Egypt;2020-02-01;90,96
Egypt;2020-03-01;0,03
Egypt;2020-04-01;
Egypt;2020-05-01;
Egypt;2020-06-01;
Egypt;2020-07-01;
Egypt;2020-08-01;
Egypt;2020-09-01;
Egypt;2020-10-01;
Egypt;2020-11-01;169,62
Egypt;2020-12-01;2387,82
Egypt;2021-01-01;430,52
Egypt;2021-02-01;91,79
Egypt;2021-03-01;15,5
Egypt;2021-04-01;44,69
Egypt;2021-05-01;
Egypt;2021-06-01;
Egypt;2021-07-01;
Egypt;2021-08-01;
Egypt;2021-09-01;
Egypt;2021-10-01;
Egypt;2021-11-01;320,75
Egypt;2021-12-01;2491,49
Israel;2005-01-01;1130,95
Israel;2005-02-01;182
Israel;2005-03-01;189,9
Israel;2005-04-01;
Israel;2005-05-01;
Israel;2005-06-01;
Israel;2005-07-01;
Israel;2005-08-01;
Israel;2005-09-01;
Israel;2005-10-01;
Israel;2005-11-01;2,93
Israel;2005-12-01;1107,98
Israel;2006-01-01;540,56
Israel;2006-02-01;283,55
Israel;2006-03-01;17,25
Israel;2006-04-01;
Israel;2006-05-01;
Israel;2006-06-01;
Israel;2006-07-01;
Israel;2006-08-01;
Israel;2006-09-01;
Israel;2006-10-01;
Israel;2006-11-01;84,58
Israel;2006-12-01;1183,16
Israel;2007-01-01;666
Israel;2007-02-01;213,94
Israel;2007-03-01;29,69
Israel;2007-04-01;
Israel;2007-05-01;
Israel;2007-06-01;
Israel;2007-07-01;
Israel;2007-08-01;
Israel;2007-09-01;
Israel;2007-10-01;
Israel;2007-11-01;190,73
Israel;2007-12-01;923,98
Israel;2008-01-01;580,94
Israel;2008-02-01;18,98
Israel;2008-03-01;
Israel;2008-04-01;
Israel;2008-05-01;
Israel;2008-06-01;
Israel;2008-07-01;
Israel;2008-08-01;
Israel;2008-09-01;
Israel;2008-10-01;
Israel;2008-11-01;2,58
Israel;2008-12-01;245,19
Israel;2009-01-01;40,26
Israel;2009-02-01;1,05
Israel;2009-03-01;0,09
Israel;2009-04-01;
Israel;2009-05-01;
Israel;2009-06-01;
Israel;2009-07-01;
Israel;2009-08-01;
Israel;2009-09-01;
Israel;2009-10-01;
Israel;2009-11-01;
Israel;2009-12-01;36,95
Israel;2010-01-01;29,82
Israel;2010-02-01;18,73
Israel;2010-03-01;1,73
Israel;2010-04-01;
Israel;2010-05-01;
Israel;2010-06-01;
Israel;2010-07-01;
Israel;2010-08-01;
Israel;2010-09-01;
Israel;2010-10-01;
Israel;2010-11-01;30,37
Israel;2010-12-01;13,74
Israel;2011-01-01;4,16
Israel;2011-02-01;1,41
Israel;2011-03-01;
Israel;2011-04-01;
Israel;2011-05-01;
Israel;2011-06-01;
Israel;2011-07-01;
Israel;2011-08-01;
Israel;2011-09-01;
Israel;2011-10-01;
Israel;2011-11-01;
Israel;2011-12-01;28,31
Israel;2012-01-01;92,55
Israel;2012-02-01;20,05
Israel;2012-03-01;
Israel;2012-04-01;
Israel;2012-05-01;
Israel;2012-06-01;
Israel;2012-07-01;
Israel;2012-08-01;
Israel;2012-09-01;
Israel;2012-10-01;
Israel;2012-11-01;
Israel;2012-12-01;3,42
Israel;2013-01-01;
Israel;2013-02-01;
Israel;2013-03-01;
Israel;2013-04-01;
Israel;2013-05-01;
Israel;2013-06-01;
Israel;2013-07-01;
Israel;2013-08-01;
Israel;2013-09-01;
Israel;2013-10-01;
Israel;2013-11-01;
Israel;2013-12-01;
Israel;2014-01-01;
Israel;2014-02-01;
Israel;2014-03-01;
Israel;2014-04-01;
Israel;2014-05-01;
Israel;2014-06-01;
Israel;2014-07-01;
Israel;2014-08-01;
Israel;2014-09-01;
Israel;2014-10-01;
Israel;2014-11-01;
Israel;2014-12-01;42,31
Israel;2015-01-01;
Israel;2015-02-01;
Israel;2015-03-01;
Israel;2015-04-01;
Israel;2015-05-01;
Israel;2015-06-01;
Israel;2015-07-01;
Israel;2015-08-01;
Israel;2015-09-01;
Israel;2015-10-01;
Israel;2015-11-01;
Israel;2015-12-01;10,21
Israel;2016-01-01;
Israel;2016-02-01;
Israel;2016-03-01;
Israel;2016-04-01;
Israel;2016-05-01;
Israel;2016-06-01;
Israel;2016-07-01;
Israel;2016-08-01;
Israel;2016-09-01;
Israel;2016-10-01;
Israel;2016-11-01;
Israel;2016-12-01;
Israel;2017-01-01;
Israel;2017-02-01;
Israel;2017-03-01;
Israel;2017-04-01;
Israel;2017-05-01;
Israel;2017-06-01;
Israel;2017-07-01;
Israel;2017-08-01;
Israel;2017-09-01;
Israel;2017-10-01;
Israel;2017-11-01;
Israel;2017-12-01;
Israel;2018-01-01;
Israel;2018-02-01;
Israel;2018-03-01;
Israel;2018-04-01;
Israel;2018-05-01;
Israel;2018-06-01;
Israel;2018-07-01;
Israel;2018-08-01;
Israel;2018-09-01;
Israel;2018-10-01;
Israel;2018-11-01;
Israel;2018-12-01;
Israel;2019-01-01;
Israel;2019-02-01;
Israel;2019-03-01;
Israel;2019-04-01;
Israel;2019-05-01;
Israel;2019-06-01;
Israel;2019-07-01;
Israel;2019-08-01;
Israel;2019-09-01;
Israel;2019-10-01;
Israel;2019-11-01;
Israel;2019-12-01;
Israel;2020-01-01;
Israel;2020-02-01;
Israel;2020-03-01;
Israel;2020-04-01;
Israel;2020-05-01;
Israel;2020-06-01;
Israel;2020-07-01;
Israel;2020-08-01;
Israel;2020-09-01;
Israel;2020-10-01;
Israel;2020-11-01;
Israel;2020-12-01;
Israel;2021-01-01;
Israel;2021-02-01;
Israel;2021-03-01;
Israel;2021-04-01;
Israel;2021-05-01;
Israel;2021-06-01;
Israel;2021-07-01;
Israel;2021-08-01;
Israel;2021-09-01;
Israel;2021-10-01;
Israel;2021-11-01;
Israel;2021-12-01;
Occupied palestinian Territory;2005-01-01;61,59
Occupied palestinian Territory;2005-02-01;5,63
Occupied palestinian Territory;2005-03-01;
Occupied palestinian Territory;2005-04-01;
Occupied palestinian Territory;2005-05-01;
Occupied palestinian Territory;2005-06-01;
Occupied palestinian Territory;2005-07-01;
Occupied palestinian Territory;2005-08-01;
Occupied palestinian Territory;2005-09-01;
Occupied palestinian Territory;2005-10-01;
Occupied palestinian Territory;2005-11-01;
Occupied palestinian Territory;2005-12-01;1336,58
Occupied palestinian Territory;2006-01-01;637,82
Occupied palestinian Territory;2006-02-01;8,39
Occupied palestinian Territory;2006-03-01;
Occupied palestinian Territory;2006-04-01;
Occupied palestinian Territory;2006-05-01;
Occupied palestinian Territory;2006-06-01;
Occupied palestinian Territory;2006-07-01;
Occupied palestinian Territory;2006-08-01;
Occupied palestinian Territory;2006-09-01;
Occupied palestinian Territory;2006-10-01;
Occupied palestinian Territory;2006-11-01;33,97
Occupied palestinian Territory;2006-12-01;410,93
Occupied palestinian Territory;2007-01-01;113,97
Occupied palestinian Territory;2007-02-01;15,63
Occupied palestinian Territory;2007-03-01;
Occupied palestinian Territory;2007-04-01;
Occupied palestinian Territory;2007-05-01;
Occupied palestinian Territory;2007-06-01;
Occupied palestinian Territory;2007-07-01;
Occupied palestinian Territory;2007-08-01;
Occupied palestinian Territory;2007-09-01;
Occupied palestinian Territory;2007-10-01;
Occupied palestinian Territory;2007-11-01;
Occupied palestinian Territory;2007-12-01;55,64
Occupied palestinian Territory;2008-01-01;
Occupied palestinian Territory;2008-02-01;
Occupied palestinian Territory;2008-03-01;
Occupied palestinian Territory;2008-04-01;
Occupied palestinian Territory;2008-05-01;
Occupied palestinian Territory;2008-06-01;
Occupied palestinian Territory;2008-07-01;
Occupied palestinian Territory;2008-08-01;
Occupied palestinian Territory;2008-09-01;
Occupied palestinian Territory;2008-10-01;
Occupied palestinian Territory;2008-11-01;
Occupied palestinian Territory;2008-12-01;
Occupied palestinian Territory;2009-01-01;
Occupied palestinian Territory;2009-02-01;
Occupied palestinian Territory;2009-03-01;
Occupied palestinian Territory;2009-04-01;
Occupied palestinian Territory;2009-05-01;
Occupied palestinian Territory;2009-06-01;
Occupied palestinian Territory;2009-07-01;
Occupied palestinian Territory;2009-08-01;
Occupied palestinian Territory;2009-09-01;
Occupied palestinian Territory;2009-10-01;
Occupied palestinian Territory;2009-11-01;
Occupied palestinian Territory;2009-12-01;
Occupied palestinian Territory;2010-01-01;
Occupied palestinian Territory;2010-02-01;
Occupied palestinian Territory;2010-03-01;
Occupied palestinian Territory;2010-04-01;
Occupied palestinian Territory;2010-05-01;
Occupied palestinian Territory;2010-06-01;
Occupied palestinian Territory;2010-07-01;
Occupied palestinian Territory;2010-08-01;
Occupied palestinian Territory;2010-09-01;
Occupied palestinian Territory;2010-10-01;
Occupied palestinian Territory;2010-11-01;
Occupied palestinian Territory;2010-12-01;1,7
Occupied palestinian Territory;2011-01-01;
Occupied palestinian Territory;2011-02-01;
Occupied palestinian Territory;2011-03-01;
Occupied palestinian Territory;2011-04-01;
Occupied palestinian Territory;2011-05-01;
Occupied palestinian Territory;2011-06-01;
Occupied palestinian Territory;2011-07-01;
Occupied palestinian Territory;2011-08-01;
Occupied palestinian Territory;2011-09-01;
Occupied palestinian Territory;2011-10-01;
Occupied palestinian Territory;2011-11-01;
Occupied palestinian Territory;2011-12-01;152,36
Occupied palestinian Territory;2012-01-01;218,1
Occupied palestinian Territory;2012-02-01;6,87
Occupied palestinian Territory;2012-03-01;
Occupied palestinian Territory;2012-04-01;
Occupied palestinian Territory;2012-05-01;
Occupied palestinian Territory;2012-06-01;
Occupied palestinian Territory;2012-07-01;
Occupied palestinian Territory;2012-08-01;
Occupied palestinian Territory;2012-09-01;
Occupied palestinian Territory;2012-10-01;
Occupied palestinian Territory;2012-11-01;
Occupied palestinian Territory;2012-12-01;11,04
Occupied palestinian Territory;2013-01-01;51,06
Occupied palestinian Territory;2013-02-01;
Occupied palestinian Territory;2013-03-01;
Occupied palestinian Territory;2013-04-01;
Occupied palestinian Territory;2013-05-01;
Occupied palestinian Territory;2013-06-01;
Occupied palestinian Territory;2013-07-01;
Occupied palestinian Territory;2013-08-01;
Occupied palestinian Territory;2013-09-01;
Occupied palestinian Territory;2013-10-01;
Occupied palestinian Territory;2013-11-01;
Occupied palestinian Territory;2013-12-01;
Occupied palestinian Territory;2014-01-01;
Occupied palestinian Territory;2014-02-01;
Occupied palestinian Territory;2014-03-01;
Occupied palestinian Territory;2014-04-01;
Occupied palestinian Territory;2014-05-01;
Occupied palestinian Territory;2014-06-01;
Occupied palestinian Territory;2014-07-01;
Occupied palestinian Territory;2014-08-01;
Occupied palestinian Territory;2014-09-01;
Occupied palestinian Territory;2014-10-01;
Occupied palestinian Territory;2014-11-01;
Occupied palestinian Territory;2014-12-01;
Occupied palestinian Territory;2015-01-01;0,43
Occupied palestinian Territory;2015-02-01;
Occupied palestinian Territory;2015-03-01;
Occupied palestinian Territory;2015-04-01;
Occupied palestinian Territory;2015-05-01;
Occupied palestinian Territory;2015-06-01;
Occupied palestinian Territory;2015-07-01;
Occupied palestinian Territory;2015-08-01;
Occupied palestinian Territory;2015-09-01;
Occupied palestinian Territory;2015-10-01;
Occupied palestinian Territory;2015-11-01;
Occupied palestinian Territory;2015-12-01;
Occupied palestinian Territory;2016-01-01;
Occupied palestinian Territory;2016-02-01;
Occupied palestinian Territory;2016-03-01;
Occupied palestinian Territory;2016-04-01;
Occupied palestinian Territory;2016-05-01;
Occupied palestinian Territory;2016-06-01;
Occupied palestinian Territory;2016-07-01;
Occupied palestinian Territory;2016-08-01;
Occupied palestinian Territory;2016-09-01;
Occupied palestinian Territory;2016-10-01;
Occupied palestinian Territory;2016-11-01;
Occupied palestinian Territory;2016-12-01;
Occupied palestinian Territory;2017-01-01;
Occupied palestinian Territory;2017-02-01;
Occupied palestinian Territory;2017-03-01;
Occupied palestinian Territory;2017-04-01;
Occupied palestinian Territory;2017-05-01;
Occupied palestinian Territory;2017-06-01;
Occupied palestinian Territory;2017-07-01;
Occupied palestinian Territory;2017-08-01;
Occupied palestinian Territory;2017-09-01;
Occupied palestinian Territory;2017-10-01;
Occupied palestinian Territory;2017-11-01;
Occupied palestinian Territory;2017-12-01;
Occupied palestinian Territory;2018-01-01;
Occupied palestinian Territory;2018-02-01;
Occupied palestinian Territory;2018-03-01;
Occupied palestinian Territory;2018-04-01;
Occupied palestinian Territory;2018-05-01;
Occupied palestinian Territory;2018-06-01;
Occupied palestinian Territory;2018-07-01;
Occupied palestinian Territory;2018-08-01;
Occupied palestinian Territory;2018-09-01;
Occupied palestinian Territory;2018-10-01;
Occupied palestinian Territory;2018-11-01;
Occupied palestinian Territory;2018-12-01;
Occupied palestinian Territory;2019-01-01;
Occupied palestinian Territory;2019-02-01;
Occupied palestinian Territory;2019-03-01;
Occupied palestinian Territory;2019-04-01;
Occupied palestinian Territory;2019-05-01;
Occupied palestinian Territory;2019-06-01;
Occupied palestinian Territory;2019-07-01;
Occupied palestinian Territory;2019-08-01;
Occupied palestinian Territory;2019-09-01;
Occupied palestinian Territory;2019-10-01;
Occupied palestinian Territory;2019-11-01;
Occupied palestinian Territory;2019-12-01;
Occupied palestinian Territory;2020-01-01;
Occupied palestinian Territory;2020-02-01;
Occupied palestinian Territory;2020-03-01;
Occupied palestinian Territory;2020-04-01;
Occupied palestinian Territory;2020-05-01;
Occupied palestinian Territory;2020-06-01;
Occupied palestinian Territory;2020-07-01;
Occupied palestinian Territory;2020-08-01;
Occupied palestinian Territory;2020-09-01;
Occupied palestinian Territory;2020-10-01;
Occupied palestinian Territory;2020-11-01;
Occupied palestinian Territory;2020-12-01;
Occupied palestinian Territory;2021-01-01;
Occupied palestinian Territory;2021-02-01;
Occupied palestinian Territory;2021-03-01;
Occupied palestinian Territory;2021-04-01;
Occupied palestinian Territory;2021-05-01;
Occupied palestinian Territory;2021-06-01;
Occupied palestinian Territory;2021-07-01;
Occupied palestinian Territory;2021-08-01;
Occupied palestinian Territory;2021-09-01;
Occupied palestinian Territory;2021-10-01;
Occupied palestinian Territory;2021-11-01;
Occupied palestinian Territory;2021-12-01;
Jordan;2005-01-01;
Jordan;2005-02-01;
Jordan;2005-03-01;
Jordan;2005-04-01;
Jordan;2005-05-01;
Jordan;2005-06-01;
Jordan;2005-07-01;
Jordan;2005-08-01;
Jordan;2005-09-01;
Jordan;2005-10-01;
Jordan;2005-11-01;
Jordan;2005-12-01;
Jordan;2006-01-01;1,09
Jordan;2006-02-01;0,44
Jordan;2006-03-01;
Jordan;2006-04-01;
Jordan;2006-05-01;
Jordan;2006-06-01;
Jordan;2006-07-01;
Jordan;2006-08-01;
Jordan;2006-09-01;
Jordan;2006-10-01;
Jordan;2006-11-01;
Jordan;2006-12-01;1,6
Jordan;2007-01-01;2,8
Jordan;2007-02-01;
Jordan;2007-03-01;
Jordan;2007-04-01;
Jordan;2007-05-01;
Jordan;2007-06-01;
Jordan;2007-07-01;
Jordan;2007-08-01;
Jordan;2007-09-01;
Jordan;2007-10-01;
Jordan;2007-11-01;
Jordan;2007-12-01;
Jordan;2008-01-01;
Jordan;2008-02-01;
Jordan;2008-03-01;
Jordan;2008-04-01;
Jordan;2008-05-01;
Jordan;2008-06-01;
Jordan;2008-07-01;
Jordan;2008-08-01;
Jordan;2008-09-01;
Jordan;2008-10-01;
Jordan;2008-11-01;
Jordan;2008-12-01;
Jordan;2009-01-01;
Jordan;2009-02-01;
Jordan;2009-03-01;
Jordan;2009-04-01;
Jordan;2009-05-01;
Jordan;2009-06-01;
Jordan;2009-07-01;
Jordan;2009-08-01;
Jordan;2009-09-01;
Jordan;2009-10-01;
Jordan;2009-11-01;
Jordan;2009-12-01;
Jordan;2010-01-01;
Jordan;2010-02-01;
Jordan;2010-03-01;
Jordan;2010-04-01;
Jordan;2010-05-01;
Jordan;2010-06-01;
Jordan;2010-07-01;
Jordan;2010-08-01;
Jordan;2010-09-01;
Jordan;2010-10-01;
Jordan;2010-11-01;
Jordan;2010-12-01;
Jordan;2011-01-01;
Jordan;2011-02-01;
Jordan;2011-03-01;
Jordan;2011-04-01;
Jordan;2011-05-01;
Jordan;2011-06-01;
Jordan;2011-07-01;
Jordan;2011-08-01;
Jordan;2011-09-01;
Jordan;2011-10-01;
Jordan;2011-11-01;
Jordan;2011-12-01;98,72
Jordan;2012-01-01;21,36
Jordan;2012-02-01;
Jordan;2012-03-01;
Jordan;2012-04-01;
Jordan;2012-05-01;
Jordan;2012-06-01;
Jordan;2012-07-01;
Jordan;2012-08-01;
Jordan;2012-09-01;
Jordan;2012-10-01;
Jordan;2012-11-01;127,73
Jordan;2012-12-01;114,94
Jordan;2013-01-01;50,1
Jordan;2013-02-01;
Jordan;2013-03-01;
Jordan;2013-04-01;
Jordan;2013-05-01;
Jordan;2013-06-01;
Jordan;2013-07-01;
Jordan;2013-08-01;
Jordan;2013-09-01;
Jordan;2013-10-01;
Jordan;2013-11-01;88,66
Jordan;2013-12-01;127,19
Jordan;2014-01-01;77,92
Jordan;2014-02-01;
Jordan;2014-03-01;
Jordan;2014-04-01;
Jordan;2014-05-01;
Jordan;2014-06-01;
Jordan;2014-07-01;
Jordan;2014-08-01;
Jordan;2014-09-01;
Jordan;2014-10-01;31,34
Jordan;2014-11-01;709,04
Jordan;2014-12-01;757,66
Jordan;2015-01-01;270,44
Jordan;2015-02-01;
Jordan;2015-03-01;
Jordan;2015-04-01;
Jordan;2015-05-01;
Jordan;2015-06-01;
Jordan;2015-07-01;
Jordan;2015-08-01;
Jordan;2015-09-01;
Jordan;2015-10-01;
Jordan;2015-11-01;1091,27
Jordan;2015-12-01;207,98
Jordan;2016-01-01;
Jordan;2016-02-01;
Jordan;2016-03-01;
Jordan;2016-04-01;
Jordan;2016-05-01;
Jordan;2016-06-01;
Jordan;2016-07-01;
Jordan;2016-08-01;
Jordan;2016-09-01;
Jordan;2016-10-01;
Jordan;2016-11-01;1624,9
Jordan;2016-12-01;837,36
Jordan;2017-01-01;224,83
Jordan;2017-02-01;
Jordan;2017-03-01;
Jordan;2017-04-01;
Jordan;2017-05-01;
Jordan;2017-06-01;
Jordan;2017-07-01;
Jordan;2017-08-01;
Jordan;2017-09-01;
Jordan;2017-10-01;
Jordan;2017-11-01;363,77
Jordan;2017-12-01;470,36
Jordan;2018-01-01;
Jordan;2018-02-01;
Jordan;2018-03-01;
Jordan;2018-04-01;
Jordan;2018-05-01;
Jordan;2018-06-01;
Jordan;2018-07-01;
Jordan;2018-08-01;
Jordan;2018-09-01;
Jordan;2018-10-01;
Jordan;2018-11-01;379,21
Jordan;2018-12-01;257,72
Jordan;2019-01-01;
Jordan;2019-02-01;
Jordan;2019-03-01;
Jordan;2019-04-01;
Jordan;2019-05-01;
Jordan;2019-06-01;
Jordan;2019-07-01;
Jordan;2019-08-01;
Jordan;2019-09-01;
Jordan;2019-10-01;17,17
Jordan;2019-11-01;30,5
Jordan;2019-12-01;27,98
Jordan;2020-01-01;
Jordan;2020-02-01;
Jordan;2020-03-01;
Jordan;2020-04-01;
Jordan;2020-05-01;
Jordan;2020-06-01;
Jordan;2020-07-01;
Jordan;2020-08-01;
Jordan;2020-09-01;
Jordan;2020-10-01;
Jordan;2020-11-01;530,54
Jordan;2020-12-01;732,67
Jordan;2021-01-01;
Jordan;2021-02-01;
Jordan;2021-03-01;
Jordan;2021-04-01;
Jordan;2021-05-01;
Jordan;2021-06-01;
Jordan;2021-07-01;
Jordan;2021-08-01;
Jordan;2021-09-01;
Jordan;2021-10-01;
Jordan;2021-11-01;
Jordan;2021-12-01;
